dataset,method,axis,metric,value,seed,n_points,n_features,fit_runtime_s,n_active_cover,params,sd_version,timestamp
circle,shapediscover,topology,recovery_quotient,0.268,0,400,2,12.333,12,"{""knn"": 15, ""label_mode"": ""components"", ""lite"": true, ""n_cover"": 15, ""regularization"": 10.0, ""threshold"": 0.5}",0.1.0,2026-06-20T01:49:16+00:00
circle,shapediscover,topology,complex_size,575.0,0,400,2,12.333,12,"{""knn"": 15, ""label_mode"": ""components"", ""lite"": true, ""n_cover"": 15, ""regularization"": 10.0, ""threshold"": 0.5}",0.1.0,2026-06-20T01:49:16+00:00
circle,shapediscover,embedding,trustworthiness,0.8029336870026526,0,400,2,12.333,12,"{""knn"": 15, ""label_mode"": ""components"", ""lite"": true, ""n_cover"": 15, ""regularization"": 10.0, ""threshold"": 0.5}",0.1.0,2026-06-20T01:49:16+00:00
circle,shapediscover,embedding,continuity,0.8857970822281167,0,400,2,12.333,12,"{""knn"": 15, ""label_mode"": ""components"", ""lite"": true, ""n_cover"": 15, ""regularization"": 10.0, ""threshold"": 0.5}",0.1.0,2026-06-20T01:49:16+00:00
circle,shapediscover,embedding,knn_recall,0.399,0,400,2,12.333,12,"{""knn"": 15, ""label_mode"": ""components"", ""lite"": true, ""n_cover"": 15, ""regularization"": 10.0, ""threshold"": 0.5}",0.1.0,2026-06-20T01:49:16+00:00
circle,shapediscover,embedding,global_corr,0.35690274460744364,0,400,2,12.333,12,"{""knn"": 15, ""label_mode"": ""components"", ""lite"": true, ""n_cover"": 15, ""regularization"": 10.0, ""threshold"": 0.5}",0.1.0,2026-06-20T01:49:16+00:00
circle,shapediscover,topology,recovery_quotient,0.295,1,400,2,0.685,14,"{""knn"": 15, ""label_mode"": ""components"", ""lite"": true, ""n_cover"": 15, ""regularization"": 10.0, ""threshold"": 0.5}",0.1.0,2026-06-20T01:49:16+00:00
circle,shapediscover,topology,complex_size,575.0,1,400,2,0.685,14,"{""knn"": 15, ""label_mode"": ""components"", ""lite"": true, ""n_cover"": 15, ""regularization"": 10.0, ""threshold"": 0.5}",0.1.0,2026-06-20T01:49:16+00:00
circle,shapediscover,embedding,trustworthiness,0.9211542882404952,1,400,2,0.685,14,"{""knn"": 15, ""label_mode"": ""components"", ""lite"": true, ""n_cover"": 15, ""regularization"": 10.0, ""threshold"": 0.5}",0.1.0,2026-06-20T01:49:16+00:00
circle,shapediscover,embedding,continuity,0.9490512820512821,1,400,2,0.685,14,"{""knn"": 15, ""label_mode"": ""components"", ""lite"": true, ""n_cover"": 15, ""regularization"": 10.0, ""threshold"": 0.5}",0.1.0,2026-06-20T01:49:16+00:00
circle,shapediscover,embedding,knn_recall,0.6533333333333334,1,400,2,0.685,14,"{""knn"": 15, ""label_mode"": ""components"", ""lite"": true, ""n_cover"": 15, ""regularization"": 10.0, ""threshold"": 0.5}",0.1.0,2026-06-20T01:49:16+00:00
circle,shapediscover,embedding,global_corr,0.5898431422926808,1,400,2,0.685,14,"{""knn"": 15, ""label_mode"": ""components"", ""lite"": true, ""n_cover"": 15, ""regularization"": 10.0, ""threshold"": 0.5}",0.1.0,2026-06-20T01:49:16+00:00
circle,shapediscover,topology,recovery_quotient,0.838,2,400,2,0.687,15,"{""knn"": 15, ""label_mode"": ""components"", ""lite"": true, ""n_cover"": 15, ""regularization"": 10.0, ""threshold"": 0.5}",0.1.0,2026-06-20T01:49:16+00:00
circle,shapediscover,topology,complex_size,575.0,2,400,2,0.687,15,"{""knn"": 15, ""label_mode"": ""components"", ""lite"": true, ""n_cover"": 15, ""regularization"": 10.0, ""threshold"": 0.5}",0.1.0,2026-06-20T01:49:16+00:00
circle,shapediscover,embedding,trustworthiness,0.9855344827586207,2,400,2,0.687,15,"{""knn"": 15, ""label_mode"": ""components"", ""lite"": true, ""n_cover"": 15, ""regularization"": 10.0, ""threshold"": 0.5}",0.1.0,2026-06-20T01:49:16+00:00
circle,shapediscover,embedding,continuity,0.9906167108753315,2,400,2,0.687,15,"{""knn"": 15, ""label_mode"": ""components"", ""lite"": true, ""n_cover"": 15, ""regularization"": 10.0, ""threshold"": 0.5}",0.1.0,2026-06-20T01:49:16+00:00
circle,shapediscover,embedding,knn_recall,0.8488333333333333,2,400,2,0.687,15,"{""knn"": 15, ""label_mode"": ""components"", ""lite"": true, ""n_cover"": 15, ""regularization"": 10.0, ""threshold"": 0.5}",0.1.0,2026-06-20T01:49:16+00:00
circle,shapediscover,embedding,global_corr,0.5513588557893531,2,400,2,0.687,15,"{""knn"": 15, ""label_mode"": ""components"", ""lite"": true, ""n_cover"": 15, ""regularization"": 10.0, ""threshold"": 0.5}",0.1.0,2026-06-20T01:49:16+00:00
sphere2,shapediscover,topology,recovery_quotient,0.61,0,600,3,0.776,14,"{""knn"": 15, ""label_mode"": ""components"", ""lite"": true, ""n_cover"": 15, ""regularization"": 10.0, ""threshold"": 0.5}",0.1.0,2026-06-20T01:49:16+00:00
sphere2,shapediscover,topology,complex_size,1940.0,0,600,3,0.776,14,"{""knn"": 15, ""label_mode"": ""components"", ""lite"": true, ""n_cover"": 15, ""regularization"": 10.0, ""threshold"": 0.5}",0.1.0,2026-06-20T01:49:16+00:00
sphere2,shapediscover,embedding,trustworthiness,0.8870317735413056,0,600,3,0.776,14,"{""knn"": 15, ""label_mode"": ""components"", ""lite"": true, ""n_cover"": 15, ""regularization"": 10.0, ""threshold"": 0.5}",0.1.0,2026-06-20T01:49:16+00:00
sphere2,shapediscover,embedding,continuity,0.9842168303485461,0,600,3,0.776,14,"{""knn"": 15, ""label_mode"": ""components"", ""lite"": true, ""n_cover"": 15, ""regularization"": 10.0, ""threshold"": 0.5}",0.1.0,2026-06-20T01:49:16+00:00
sphere2,shapediscover,embedding,knn_recall,0.596,0,600,3,0.776,14,"{""knn"": 15, ""label_mode"": ""components"", ""lite"": true, ""n_cover"": 15, ""regularization"": 10.0, ""threshold"": 0.5}",0.1.0,2026-06-20T01:49:16+00:00
sphere2,shapediscover,embedding,global_corr,0.6578970289605289,0,600,3,0.776,14,"{""knn"": 15, ""label_mode"": ""components"", ""lite"": true, ""n_cover"": 15, ""regularization"": 10.0, ""threshold"": 0.5}",0.1.0,2026-06-20T01:49:16+00:00
sphere2,shapediscover,topology,recovery_quotient,0.669,1,600,3,0.944,12,"{""knn"": 15, ""label_mode"": ""components"", ""lite"": true, ""n_cover"": 15, ""regularization"": 10.0, ""threshold"": 0.5}",0.1.0,2026-06-20T01:49:16+00:00
sphere2,shapediscover,topology,complex_size,1940.0,1,600,3,0.944,12,"{""knn"": 15, ""label_mode"": ""components"", ""lite"": true, ""n_cover"": 15, ""regularization"": 10.0, ""threshold"": 0.5}",0.1.0,2026-06-20T01:49:16+00:00
sphere2,shapediscover,embedding,trustworthiness,0.9156470248411323,1,600,3,0.944,12,"{""knn"": 15, ""label_mode"": ""components"", ""lite"": true, ""n_cover"": 15, ""regularization"": 10.0, ""threshold"": 0.5}",0.1.0,2026-06-20T01:49:16+00:00
sphere2,shapediscover,embedding,continuity,0.9853612555362988,1,600,3,0.944,12,"{""knn"": 15, ""label_mode"": ""components"", ""lite"": true, ""n_cover"": 15, ""regularization"": 10.0, ""threshold"": 0.5}",0.1.0,2026-06-20T01:49:16+00:00
sphere2,shapediscover,embedding,knn_recall,0.6411111111111112,1,600,3,0.944,12,"{""knn"": 15, ""label_mode"": ""components"", ""lite"": true, ""n_cover"": 15, ""regularization"": 10.0, ""threshold"": 0.5}",0.1.0,2026-06-20T01:49:16+00:00
sphere2,shapediscover,embedding,global_corr,0.7091449704554299,1,600,3,0.944,12,"{""knn"": 15, ""label_mode"": ""components"", ""lite"": true, ""n_cover"": 15, ""regularization"": 10.0, ""threshold"": 0.5}",0.1.0,2026-06-20T01:49:16+00:00
sphere2,shapediscover,topology,recovery_quotient,0.518,2,600,3,0.779,13,"{""knn"": 15, ""label_mode"": ""components"", ""lite"": true, ""n_cover"": 15, ""regularization"": 10.0, ""threshold"": 0.5}",0.1.0,2026-06-20T01:49:16+00:00
sphere2,shapediscover,topology,complex_size,1940.0,2,600,3,0.779,13,"{""knn"": 15, ""label_mode"": ""components"", ""lite"": true, ""n_cover"": 15, ""regularization"": 10.0, ""threshold"": 0.5}",0.1.0,2026-06-20T01:49:16+00:00
sphere2,shapediscover,embedding,trustworthiness,0.9024303870595032,2,600,3,0.779,13,"{""knn"": 15, ""label_mode"": ""components"", ""lite"": true, ""n_cover"": 15, ""regularization"": 10.0, ""threshold"": 0.5}",0.1.0,2026-06-20T01:49:16+00:00
sphere2,shapediscover,embedding,continuity,0.9836705180050067,2,600,3,0.779,13,"{""knn"": 15, ""label_mode"": ""components"", ""lite"": true, ""n_cover"": 15, ""regularization"": 10.0, ""threshold"": 0.5}",0.1.0,2026-06-20T01:49:16+00:00
sphere2,shapediscover,embedding,knn_recall,0.6317777777777778,2,600,3,0.779,13,"{""knn"": 15, ""label_mode"": ""components"", ""lite"": true, ""n_cover"": 15, ""regularization"": 10.0, ""threshold"": 0.5}",0.1.0,2026-06-20T01:49:16+00:00
sphere2,shapediscover,embedding,global_corr,0.6288077696920458,2,600,3,0.779,13,"{""knn"": 15, ""label_mode"": ""components"", ""lite"": true, ""n_cover"": 15, ""regularization"": 10.0, ""threshold"": 0.5}",0.1.0,2026-06-20T01:49:16+00:00
sphere3,shapediscover,topology,recovery_quotient,0.427,0,1200,4,1.146,12,"{""knn"": 15, ""label_mode"": ""components"", ""lite"": true, ""n_cover"": 15, ""regularization"": 10.0, ""threshold"": 0.5}",0.1.0,2026-06-20T01:49:16+00:00
sphere3,shapediscover,topology,complex_size,4943.0,0,1200,4,1.146,12,"{""knn"": 15, ""label_mode"": ""components"", ""lite"": true, ""n_cover"": 15, ""regularization"": 10.0, ""threshold"": 0.5}",0.1.0,2026-06-20T01:49:16+00:00
sphere3,shapediscover,topology,recovery_quotient,0.421,1,1200,4,1.13,11,"{""knn"": 15, ""label_mode"": ""components"", ""lite"": true, ""n_cover"": 15, ""regularization"": 10.0, ""threshold"": 0.5}",0.1.0,2026-06-20T01:49:16+00:00
sphere3,shapediscover,topology,complex_size,4943.0,1,1200,4,1.13,11,"{""knn"": 15, ""label_mode"": ""components"", ""lite"": true, ""n_cover"": 15, ""regularization"": 10.0, ""threshold"": 0.5}",0.1.0,2026-06-20T01:49:16+00:00
sphere3,shapediscover,topology,recovery_quotient,0.405,2,1200,4,1.121,12,"{""knn"": 15, ""label_mode"": ""components"", ""lite"": true, ""n_cover"": 15, ""regularization"": 10.0, ""threshold"": 0.5}",0.1.0,2026-06-20T01:49:16+00:00
sphere3,shapediscover,topology,complex_size,4943.0,2,1200,4,1.121,12,"{""knn"": 15, ""label_mode"": ""components"", ""lite"": true, ""n_cover"": 15, ""regularization"": 10.0, ""threshold"": 0.5}",0.1.0,2026-06-20T01:49:16+00:00
torus,shapediscover,topology,recovery_quotient,0.008,0,1500,3,1.28,15,"{""knn"": 15, ""label_mode"": ""components"", ""lite"": true, ""n_cover"": 15, ""regularization"": 10.0, ""threshold"": 0.5}",0.1.0,2026-06-20T01:49:16+00:00
torus,shapediscover,topology,complex_size,1940.0,0,1500,3,1.28,15,"{""knn"": 15, ""label_mode"": ""components"", ""lite"": true, ""n_cover"": 15, ""regularization"": 10.0, ""threshold"": 0.5}",0.1.0,2026-06-20T01:49:16+00:00
torus,shapediscover,embedding,trustworthiness,0.961235597682991,0,1500,3,1.28,15,"{""knn"": 15, ""label_mode"": ""components"", ""lite"": true, ""n_cover"": 15, ""regularization"": 10.0, ""threshold"": 0.5}",0.1.0,2026-06-20T01:49:16+00:00
torus,shapediscover,embedding,continuity,0.989748198299857,0,1500,3,1.28,15,"{""knn"": 15, ""label_mode"": ""components"", ""lite"": true, ""n_cover"": 15, ""regularization"": 10.0, ""threshold"": 0.5}",0.1.0,2026-06-20T01:49:16+00:00
torus,shapediscover,embedding,knn_recall,0.5177333333333334,0,1500,3,1.28,15,"{""knn"": 15, ""label_mode"": ""components"", ""lite"": true, ""n_cover"": 15, ""regularization"": 10.0, ""threshold"": 0.5}",0.1.0,2026-06-20T01:49:16+00:00
torus,shapediscover,embedding,global_corr,0.8225092754291196,0,1500,3,1.28,15,"{""knn"": 15, ""label_mode"": ""components"", ""lite"": true, ""n_cover"": 15, ""regularization"": 10.0, ""threshold"": 0.5}",0.1.0,2026-06-20T01:49:16+00:00
torus,shapediscover,topology,recovery_quotient,0.009,1,1500,3,1.283,15,"{""knn"": 15, ""label_mode"": ""components"", ""lite"": true, ""n_cover"": 15, ""regularization"": 10.0, ""threshold"": 0.5}",0.1.0,2026-06-20T01:49:16+00:00
torus,shapediscover,topology,complex_size,1940.0,1,1500,3,1.283,15,"{""knn"": 15, ""label_mode"": ""components"", ""lite"": true, ""n_cover"": 15, ""regularization"": 10.0, ""threshold"": 0.5}",0.1.0,2026-06-20T01:49:16+00:00
torus,shapediscover,embedding,trustworthiness,0.9562953434138268,1,1500,3,1.283,15,"{""knn"": 15, ""label_mode"": ""components"", ""lite"": true, ""n_cover"": 15, ""regularization"": 10.0, ""threshold"": 0.5}",0.1.0,2026-06-20T01:49:16+00:00
torus,shapediscover,embedding,continuity,0.988351402994057,1,1500,3,1.283,15,"{""knn"": 15, ""label_mode"": ""components"", ""lite"": true, ""n_cover"": 15, ""regularization"": 10.0, ""threshold"": 0.5}",0.1.0,2026-06-20T01:49:16+00:00
torus,shapediscover,embedding,knn_recall,0.4769333333333333,1,1500,3,1.283,15,"{""knn"": 15, ""label_mode"": ""components"", ""lite"": true, ""n_cover"": 15, ""regularization"": 10.0, ""threshold"": 0.5}",0.1.0,2026-06-20T01:49:16+00:00
torus,shapediscover,embedding,global_corr,0.8562384762599732,1,1500,3,1.283,15,"{""knn"": 15, ""label_mode"": ""components"", ""lite"": true, ""n_cover"": 15, ""regularization"": 10.0, ""threshold"": 0.5}",0.1.0,2026-06-20T01:49:16+00:00
torus,shapediscover,topology,recovery_quotient,0.001,2,1500,3,1.412,14,"{""knn"": 15, ""label_mode"": ""components"", ""lite"": true, ""n_cover"": 15, ""regularization"": 10.0, ""threshold"": 0.5}",0.1.0,2026-06-20T01:49:16+00:00
torus,shapediscover,topology,complex_size,1940.0,2,1500,3,1.412,14,"{""knn"": 15, ""label_mode"": ""components"", ""lite"": true, ""n_cover"": 15, ""regularization"": 10.0, ""threshold"": 0.5}",0.1.0,2026-06-20T01:49:16+00:00
torus,shapediscover,embedding,trustworthiness,0.96137711577522,2,1500,3,1.412,14,"{""knn"": 15, ""label_mode"": ""components"", ""lite"": true, ""n_cover"": 15, ""regularization"": 10.0, ""threshold"": 0.5}",0.1.0,2026-06-20T01:49:16+00:00
torus,shapediscover,embedding,continuity,0.9908060482960956,2,1500,3,1.412,14,"{""knn"": 15, ""label_mode"": ""components"", ""lite"": true, ""n_cover"": 15, ""regularization"": 10.0, ""threshold"": 0.5}",0.1.0,2026-06-20T01:49:16+00:00
torus,shapediscover,embedding,knn_recall,0.5467111111111111,2,1500,3,1.412,14,"{""knn"": 15, ""label_mode"": ""components"", ""lite"": true, ""n_cover"": 15, ""regularization"": 10.0, ""threshold"": 0.5}",0.1.0,2026-06-20T01:49:16+00:00
torus,shapediscover,embedding,global_corr,0.8157041797769021,2,1500,3,1.412,14,"{""knn"": 15, ""label_mode"": ""components"", ""lite"": true, ""n_cover"": 15, ""regularization"": 10.0, ""threshold"": 0.5}",0.1.0,2026-06-20T01:49:16+00:00
two_circles,shapediscover,topology,recovery_quotient,0.314,0,800,2,0.886,15,"{""knn"": 15, ""label_mode"": ""components"", ""lite"": true, ""n_cover"": 15, ""regularization"": 10.0, ""threshold"": 0.5}",0.1.0,2026-06-20T01:49:16+00:00
two_circles,shapediscover,topology,complex_size,575.0,0,800,2,0.886,15,"{""knn"": 15, ""label_mode"": ""components"", ""lite"": true, ""n_cover"": 15, ""regularization"": 10.0, ""threshold"": 0.5}",0.1.0,2026-06-20T01:49:16+00:00
two_circles,shapediscover,clustering,ari,0.3869508036824285,0,800,2,0.886,15,"{""knn"": 15, ""label_mode"": ""components"", ""lite"": true, ""n_cover"": 15, ""regularization"": 10.0, ""threshold"": 0.5}",0.1.0,2026-06-20T01:49:16+00:00
two_circles,shapediscover,clustering,ami,0.5794070004603417,0,800,2,0.886,15,"{""knn"": 15, ""label_mode"": ""components"", ""lite"": true, ""n_cover"": 15, ""regularization"": 10.0, ""threshold"": 0.5}",0.1.0,2026-06-20T01:49:16+00:00
two_circles,shapediscover,clustering,nmi,0.5805145158558365,0,800,2,0.886,15,"{""knn"": 15, ""label_mode"": ""components"", ""lite"": true, ""n_cover"": 15, ""regularization"": 10.0, ""threshold"": 0.5}",0.1.0,2026-06-20T01:49:16+00:00
two_circles,shapediscover,clustering,homogeneity,0.9999999999999993,0,800,2,0.886,15,"{""knn"": 15, ""label_mode"": ""components"", ""lite"": true, ""n_cover"": 15, ""regularization"": 10.0, ""threshold"": 0.5}",0.1.0,2026-06-20T01:49:16+00:00
two_circles,shapediscover,clustering,completeness,0.40896122034375043,0,800,2,0.886,15,"{""knn"": 15, ""label_mode"": ""components"", ""lite"": true, ""n_cover"": 15, ""regularization"": 10.0, ""threshold"": 0.5}",0.1.0,2026-06-20T01:49:16+00:00
two_circles,shapediscover,clustering,n_clusters_pred,6.0,0,800,2,0.886,15,"{""knn"": 15, ""label_mode"": ""components"", ""lite"": true, ""n_cover"": 15, ""regularization"": 10.0, ""threshold"": 0.5}",0.1.0,2026-06-20T01:49:16+00:00
two_circles,shapediscover,clustering,n_clusters_true,2.0,0,800,2,0.886,15,"{""knn"": 15, ""label_mode"": ""components"", ""lite"": true, ""n_cover"": 15, ""regularization"": 10.0, ""threshold"": 0.5}",0.1.0,2026-06-20T01:49:16+00:00
two_circles,shapediscover,embedding,trustworthiness,0.9818144573144573,0,800,2,0.886,15,"{""knn"": 15, ""label_mode"": ""components"", ""lite"": true, ""n_cover"": 15, ""regularization"": 10.0, ""threshold"": 0.5}",0.1.0,2026-06-20T01:49:16+00:00
two_circles,shapediscover,embedding,continuity,0.9881979836979837,0,800,2,0.886,15,"{""knn"": 15, ""label_mode"": ""components"", ""lite"": true, ""n_cover"": 15, ""regularization"": 10.0, ""threshold"": 0.5}",0.1.0,2026-06-20T01:49:16+00:00
two_circles,shapediscover,embedding,knn_recall,0.7416666666666667,0,800,2,0.886,15,"{""knn"": 15, ""label_mode"": ""components"", ""lite"": true, ""n_cover"": 15, ""regularization"": 10.0, ""threshold"": 0.5}",0.1.0,2026-06-20T01:49:16+00:00
two_circles,shapediscover,embedding,global_corr,0.5296421961144725,0,800,2,0.886,15,"{""knn"": 15, ""label_mode"": ""components"", ""lite"": true, ""n_cover"": 15, ""regularization"": 10.0, ""threshold"": 0.5}",0.1.0,2026-06-20T01:49:16+00:00
two_circles,shapediscover,topology,recovery_quotient,0.401,1,800,2,0.883,15,"{""knn"": 15, ""label_mode"": ""components"", ""lite"": true, ""n_cover"": 15, ""regularization"": 10.0, ""threshold"": 0.5}",0.1.0,2026-06-20T01:49:16+00:00
two_circles,shapediscover,topology,complex_size,575.0,1,800,2,0.883,15,"{""knn"": 15, ""label_mode"": ""components"", ""lite"": true, ""n_cover"": 15, ""regularization"": 10.0, ""threshold"": 0.5}",0.1.0,2026-06-20T01:49:16+00:00
two_circles,shapediscover,clustering,ari,0.7564272661446817,1,800,2,0.883,15,"{""knn"": 15, ""label_mode"": ""components"", ""lite"": true, ""n_cover"": 15, ""regularization"": 10.0, ""threshold"": 0.5}",0.1.0,2026-06-20T01:49:16+00:00
two_circles,shapediscover,clustering,ami,0.8028827757586755,1,800,2,0.883,15,"{""knn"": 15, ""label_mode"": ""components"", ""lite"": true, ""n_cover"": 15, ""regularization"": 10.0, ""threshold"": 0.5}",0.1.0,2026-06-20T01:49:16+00:00
two_circles,shapediscover,clustering,nmi,0.8031691095892768,1,800,2,0.883,15,"{""knn"": 15, ""label_mode"": ""components"", ""lite"": true, ""n_cover"": 15, ""regularization"": 10.0, ""threshold"": 0.5}",0.1.0,2026-06-20T01:49:16+00:00
two_circles,shapediscover,clustering,homogeneity,1.0,1,800,2,0.883,15,"{""knn"": 15, ""label_mode"": ""components"", ""lite"": true, ""n_cover"": 15, ""regularization"": 10.0, ""threshold"": 0.5}",0.1.0,2026-06-20T01:49:16+00:00
two_circles,shapediscover,clustering,completeness,0.6710798626810581,1,800,2,0.883,15,"{""knn"": 15, ""label_mode"": ""components"", ""lite"": true, ""n_cover"": 15, ""regularization"": 10.0, ""threshold"": 0.5}",0.1.0,2026-06-20T01:49:16+00:00
two_circles,shapediscover,clustering,n_clusters_pred,3.0,1,800,2,0.883,15,"{""knn"": 15, ""label_mode"": ""components"", ""lite"": true, ""n_cover"": 15, ""regularization"": 10.0, ""threshold"": 0.5}",0.1.0,2026-06-20T01:49:16+00:00
two_circles,shapediscover,clustering,n_clusters_true,2.0,1,800,2,0.883,15,"{""knn"": 15, ""label_mode"": ""components"", ""lite"": true, ""n_cover"": 15, ""regularization"": 10.0, ""threshold"": 0.5}",0.1.0,2026-06-20T01:49:16+00:00
two_circles,shapediscover,embedding,trustworthiness,0.9928034105534106,1,800,2,0.883,15,"{""knn"": 15, ""label_mode"": ""components"", ""lite"": true, ""n_cover"": 15, ""regularization"": 10.0, ""threshold"": 0.5}",0.1.0,2026-06-20T01:49:16+00:00
two_circles,shapediscover,embedding,continuity,0.9908734448734449,1,800,2,0.883,15,"{""knn"": 15, ""label_mode"": ""components"", ""lite"": true, ""n_cover"": 15, ""regularization"": 10.0, ""threshold"": 0.5}",0.1.0,2026-06-20T01:49:16+00:00
two_circles,shapediscover,embedding,knn_recall,0.84,1,800,2,0.883,15,"{""knn"": 15, ""label_mode"": ""components"", ""lite"": true, ""n_cover"": 15, ""regularization"": 10.0, ""threshold"": 0.5}",0.1.0,2026-06-20T01:49:16+00:00
two_circles,shapediscover,embedding,global_corr,0.4284991395160039,1,800,2,0.883,15,"{""knn"": 15, ""label_mode"": ""components"", ""lite"": true, ""n_cover"": 15, ""regularization"": 10.0, ""threshold"": 0.5}",0.1.0,2026-06-20T01:49:16+00:00
two_circles,shapediscover,topology,recovery_quotient,0.829,2,800,2,0.892,15,"{""knn"": 15, ""label_mode"": ""components"", ""lite"": true, ""n_cover"": 15, ""regularization"": 10.0, ""threshold"": 0.5}",0.1.0,2026-06-20T01:49:16+00:00
two_circles,shapediscover,topology,complex_size,575.0,2,800,2,0.892,15,"{""knn"": 15, ""label_mode"": ""components"", ""lite"": true, ""n_cover"": 15, ""regularization"": 10.0, ""threshold"": 0.5}",0.1.0,2026-06-20T01:49:16+00:00
two_circles,shapediscover,clustering,ari,1.0,2,800,2,0.892,15,"{""knn"": 15, ""label_mode"": ""components"", ""lite"": true, ""n_cover"": 15, ""regularization"": 10.0, ""threshold"": 0.5}",0.1.0,2026-06-20T01:49:16+00:00
two_circles,shapediscover,clustering,ami,1.0,2,800,2,0.892,15,"{""knn"": 15, ""label_mode"": ""components"", ""lite"": true, ""n_cover"": 15, ""regularization"": 10.0, ""threshold"": 0.5}",0.1.0,2026-06-20T01:49:16+00:00
two_circles,shapediscover,clustering,nmi,1.0,2,800,2,0.892,15,"{""knn"": 15, ""label_mode"": ""components"", ""lite"": true, ""n_cover"": 15, ""regularization"": 10.0, ""threshold"": 0.5}",0.1.0,2026-06-20T01:49:16+00:00
two_circles,shapediscover,clustering,homogeneity,1.0,2,800,2,0.892,15,"{""knn"": 15, ""label_mode"": ""components"", ""lite"": true, ""n_cover"": 15, ""regularization"": 10.0, ""threshold"": 0.5}",0.1.0,2026-06-20T01:49:16+00:00
two_circles,shapediscover,clustering,completeness,1.0,2,800,2,0.892,15,"{""knn"": 15, ""label_mode"": ""components"", ""lite"": true, ""n_cover"": 15, ""regularization"": 10.0, ""threshold"": 0.5}",0.1.0,2026-06-20T01:49:16+00:00
two_circles,shapediscover,clustering,n_clusters_pred,2.0,2,800,2,0.892,15,"{""knn"": 15, ""label_mode"": ""components"", ""lite"": true, ""n_cover"": 15, ""regularization"": 10.0, ""threshold"": 0.5}",0.1.0,2026-06-20T01:49:16+00:00
two_circles,shapediscover,clustering,n_clusters_true,2.0,2,800,2,0.892,15,"{""knn"": 15, ""label_mode"": ""components"", ""lite"": true, ""n_cover"": 15, ""regularization"": 10.0, ""threshold"": 0.5}",0.1.0,2026-06-20T01:49:16+00:00
two_circles,shapediscover,embedding,trustworthiness,0.9910247747747748,2,800,2,0.892,15,"{""knn"": 15, ""label_mode"": ""components"", ""lite"": true, ""n_cover"": 15, ""regularization"": 10.0, ""threshold"": 0.5}",0.1.0,2026-06-20T01:49:16+00:00
two_circles,shapediscover,embedding,continuity,0.9966326683826684,2,800,2,0.892,15,"{""knn"": 15, ""label_mode"": ""components"", ""lite"": true, ""n_cover"": 15, ""regularization"": 10.0, ""threshold"": 0.5}",0.1.0,2026-06-20T01:49:16+00:00
two_circles,shapediscover,embedding,knn_recall,0.8584999999999999,2,800,2,0.892,15,"{""knn"": 15, ""label_mode"": ""components"", ""lite"": true, ""n_cover"": 15, ""regularization"": 10.0, ""threshold"": 0.5}",0.1.0,2026-06-20T01:49:16+00:00
two_circles,shapediscover,embedding,global_corr,0.809159009086134,2,800,2,0.892,15,"{""knn"": 15, ""label_mode"": ""components"", ""lite"": true, ""n_cover"": 15, ""regularization"": 10.0, ""threshold"": 0.5}",0.1.0,2026-06-20T01:49:16+00:00
swiss_roll,shapediscover,embedding,trustworthiness,0.9664878056119762,0,1500,3,1.283,12,"{""knn"": 15, ""label_mode"": ""components"", ""lite"": true, ""n_cover"": 15, ""regularization"": 10.0, ""threshold"": 0.5}",0.1.0,2026-06-20T01:49:16+00:00
swiss_roll,shapediscover,embedding,continuity,0.9925246370270067,0,1500,3,1.283,12,"{""knn"": 15, ""label_mode"": ""components"", ""lite"": true, ""n_cover"": 15, ""regularization"": 10.0, ""threshold"": 0.5}",0.1.0,2026-06-20T01:49:16+00:00
swiss_roll,shapediscover,embedding,knn_recall,0.5428888888888889,0,1500,3,1.283,12,"{""knn"": 15, ""label_mode"": ""components"", ""lite"": true, ""n_cover"": 15, ""regularization"": 10.0, ""threshold"": 0.5}",0.1.0,2026-06-20T01:49:16+00:00
swiss_roll,shapediscover,embedding,global_corr,0.3070167442469883,0,1500,3,1.283,12,"{""knn"": 15, ""label_mode"": ""components"", ""lite"": true, ""n_cover"": 15, ""regularization"": 10.0, ""threshold"": 0.5}",0.1.0,2026-06-20T01:49:16+00:00
swiss_roll,shapediscover,embedding,trustworthiness,0.9791857067629579,1,1500,3,1.289,12,"{""knn"": 15, ""label_mode"": ""components"", ""lite"": true, ""n_cover"": 15, ""regularization"": 10.0, ""threshold"": 0.5}",0.1.0,2026-06-20T01:49:16+00:00
swiss_roll,shapediscover,embedding,continuity,0.9926856541036636,1,1500,3,1.289,12,"{""knn"": 15, ""label_mode"": ""components"", ""lite"": true, ""n_cover"": 15, ""regularization"": 10.0, ""threshold"": 0.5}",0.1.0,2026-06-20T01:49:16+00:00
swiss_roll,shapediscover,embedding,knn_recall,0.5579555555555555,1,1500,3,1.289,12,"{""knn"": 15, ""label_mode"": ""components"", ""lite"": true, ""n_cover"": 15, ""regularization"": 10.0, ""threshold"": 0.5}",0.1.0,2026-06-20T01:49:16+00:00
swiss_roll,shapediscover,embedding,global_corr,0.31433202069098837,1,1500,3,1.289,12,"{""knn"": 15, ""label_mode"": ""components"", ""lite"": true, ""n_cover"": 15, ""regularization"": 10.0, ""threshold"": 0.5}",0.1.0,2026-06-20T01:49:16+00:00
swiss_roll,shapediscover,embedding,trustworthiness,0.9826915218536072,2,1500,3,1.306,12,"{""knn"": 15, ""label_mode"": ""components"", ""lite"": true, ""n_cover"": 15, ""regularization"": 10.0, ""threshold"": 0.5}",0.1.0,2026-06-20T01:49:16+00:00
swiss_roll,shapediscover,embedding,continuity,0.9935078913713985,2,1500,3,1.306,12,"{""knn"": 15, ""label_mode"": ""components"", ""lite"": true, ""n_cover"": 15, ""regularization"": 10.0, ""threshold"": 0.5}",0.1.0,2026-06-20T01:49:16+00:00
swiss_roll,shapediscover,embedding,knn_recall,0.5771555555555555,2,1500,3,1.306,12,"{""knn"": 15, ""label_mode"": ""components"", ""lite"": true, ""n_cover"": 15, ""regularization"": 10.0, ""threshold"": 0.5}",0.1.0,2026-06-20T01:49:16+00:00
swiss_roll,shapediscover,embedding,global_corr,0.2885789472572437,2,1500,3,1.306,12,"{""knn"": 15, ""label_mode"": ""components"", ""lite"": true, ""n_cover"": 15, ""regularization"": 10.0, ""threshold"": 0.5}",0.1.0,2026-06-20T01:49:16+00:00
s_curve,shapediscover,embedding,trustworthiness,0.9870817422703678,0,1500,3,1.301,11,"{""knn"": 15, ""label_mode"": ""components"", ""lite"": true, ""n_cover"": 15, ""regularization"": 10.0, ""threshold"": 0.5}",0.1.0,2026-06-20T01:49:16+00:00
s_curve,shapediscover,embedding,continuity,0.992232814263146,0,1500,3,1.301,11,"{""knn"": 15, ""label_mode"": ""components"", ""lite"": true, ""n_cover"": 15, ""regularization"": 10.0, ""threshold"": 0.5}",0.1.0,2026-06-20T01:49:16+00:00
s_curve,shapediscover,embedding,knn_recall,0.6116444444444444,0,1500,3,1.301,11,"{""knn"": 15, ""label_mode"": ""components"", ""lite"": true, ""n_cover"": 15, ""regularization"": 10.0, ""threshold"": 0.5}",0.1.0,2026-06-20T01:49:16+00:00
s_curve,shapediscover,embedding,global_corr,0.8757673218674599,0,1500,3,1.301,11,"{""knn"": 15, ""label_mode"": ""components"", ""lite"": true, ""n_cover"": 15, ""regularization"": 10.0, ""threshold"": 0.5}",0.1.0,2026-06-20T01:49:16+00:00
s_curve,shapediscover,embedding,trustworthiness,0.9821197622808997,1,1500,3,1.291,14,"{""knn"": 15, ""label_mode"": ""components"", ""lite"": true, ""n_cover"": 15, ""regularization"": 10.0, ""threshold"": 0.5}",0.1.0,2026-06-20T01:49:16+00:00
s_curve,shapediscover,embedding,continuity,0.9920709546377793,1,1500,3,1.291,14,"{""knn"": 15, ""label_mode"": ""components"", ""lite"": true, ""n_cover"": 15, ""regularization"": 10.0, ""threshold"": 0.5}",0.1.0,2026-06-20T01:49:16+00:00
s_curve,shapediscover,embedding,knn_recall,0.5660000000000001,1,1500,3,1.291,14,"{""knn"": 15, ""label_mode"": ""components"", ""lite"": true, ""n_cover"": 15, ""regularization"": 10.0, ""threshold"": 0.5}",0.1.0,2026-06-20T01:49:16+00:00
s_curve,shapediscover,embedding,global_corr,0.8680372706523425,1,1500,3,1.291,14,"{""knn"": 15, ""label_mode"": ""components"", ""lite"": true, ""n_cover"": 15, ""regularization"": 10.0, ""threshold"": 0.5}",0.1.0,2026-06-20T01:49:16+00:00
s_curve,shapediscover,embedding,trustworthiness,0.992361242759347,2,1500,3,1.288,15,"{""knn"": 15, ""label_mode"": ""components"", ""lite"": true, ""n_cover"": 15, ""regularization"": 10.0, ""threshold"": 0.5}",0.1.0,2026-06-20T01:49:16+00:00
s_curve,shapediscover,embedding,continuity,0.9950222523132476,2,1500,3,1.288,15,"{""knn"": 15, ""label_mode"": ""components"", ""lite"": true, ""n_cover"": 15, ""regularization"": 10.0, ""threshold"": 0.5}",0.1.0,2026-06-20T01:49:16+00:00
s_curve,shapediscover,embedding,knn_recall,0.6311555555555555,2,1500,3,1.288,15,"{""knn"": 15, ""label_mode"": ""components"", ""lite"": true, ""n_cover"": 15, ""regularization"": 10.0, ""threshold"": 0.5}",0.1.0,2026-06-20T01:49:16+00:00
s_curve,shapediscover,embedding,global_corr,0.8946060844212324,2,1500,3,1.288,15,"{""knn"": 15, ""label_mode"": ""components"", ""lite"": true, ""n_cover"": 15, ""regularization"": 10.0, ""threshold"": 0.5}",0.1.0,2026-06-20T01:49:16+00:00
blobs,shapediscover,clustering,ari,1.0,0,900,10,0.993,5,"{""knn"": 15, ""label_mode"": ""components"", ""lite"": true, ""n_cover"": 15, ""regularization"": 10.0, ""threshold"": 0.5}",0.1.0,2026-06-20T01:49:16+00:00
blobs,shapediscover,clustering,ami,1.0,0,900,10,0.993,5,"{""knn"": 15, ""label_mode"": ""components"", ""lite"": true, ""n_cover"": 15, ""regularization"": 10.0, ""threshold"": 0.5}",0.1.0,2026-06-20T01:49:16+00:00
blobs,shapediscover,clustering,nmi,1.0,0,900,10,0.993,5,"{""knn"": 15, ""label_mode"": ""components"", ""lite"": true, ""n_cover"": 15, ""regularization"": 10.0, ""threshold"": 0.5}",0.1.0,2026-06-20T01:49:16+00:00
blobs,shapediscover,clustering,homogeneity,1.0,0,900,10,0.993,5,"{""knn"": 15, ""label_mode"": ""components"", ""lite"": true, ""n_cover"": 15, ""regularization"": 10.0, ""threshold"": 0.5}",0.1.0,2026-06-20T01:49:16+00:00
blobs,shapediscover,clustering,completeness,1.0,0,900,10,0.993,5,"{""knn"": 15, ""label_mode"": ""components"", ""lite"": true, ""n_cover"": 15, ""regularization"": 10.0, ""threshold"": 0.5}",0.1.0,2026-06-20T01:49:16+00:00
blobs,shapediscover,clustering,n_clusters_pred,5.0,0,900,10,0.993,5,"{""knn"": 15, ""label_mode"": ""components"", ""lite"": true, ""n_cover"": 15, ""regularization"": 10.0, ""threshold"": 0.5}",0.1.0,2026-06-20T01:49:16+00:00
blobs,shapediscover,clustering,n_clusters_true,5.0,0,900,10,0.993,5,"{""knn"": 15, ""label_mode"": ""components"", ""lite"": true, ""n_cover"": 15, ""regularization"": 10.0, ""threshold"": 0.5}",0.1.0,2026-06-20T01:49:16+00:00
blobs,shapediscover,embedding,trustworthiness,0.7343713839266861,0,900,10,0.993,5,"{""knn"": 15, ""label_mode"": ""components"", ""lite"": true, ""n_cover"": 15, ""regularization"": 10.0, ""threshold"": 0.5}",0.1.0,2026-06-20T01:49:16+00:00
blobs,shapediscover,embedding,continuity,0.7873667806917521,0,900,10,0.993,5,"{""knn"": 15, ""label_mode"": ""components"", ""lite"": true, ""n_cover"": 15, ""regularization"": 10.0, ""threshold"": 0.5}",0.1.0,2026-06-20T01:49:16+00:00
blobs,shapediscover,embedding,knn_recall,0.06177777777777778,0,900,10,0.993,5,"{""knn"": 15, ""label_mode"": ""components"", ""lite"": true, ""n_cover"": 15, ""regularization"": 10.0, ""threshold"": 0.5}",0.1.0,2026-06-20T01:49:16+00:00
blobs,shapediscover,embedding,global_corr,0.44531060535652867,0,900,10,0.993,5,"{""knn"": 15, ""label_mode"": ""components"", ""lite"": true, ""n_cover"": 15, ""regularization"": 10.0, ""threshold"": 0.5}",0.1.0,2026-06-20T01:49:16+00:00
blobs,shapediscover,clustering,ari,1.0,1,900,10,1.141,5,"{""knn"": 15, ""label_mode"": ""components"", ""lite"": true, ""n_cover"": 15, ""regularization"": 10.0, ""threshold"": 0.5}",0.1.0,2026-06-20T01:49:16+00:00
blobs,shapediscover,clustering,ami,1.0,1,900,10,1.141,5,"{""knn"": 15, ""label_mode"": ""components"", ""lite"": true, ""n_cover"": 15, ""regularization"": 10.0, ""threshold"": 0.5}",0.1.0,2026-06-20T01:49:16+00:00
blobs,shapediscover,clustering,nmi,1.0,1,900,10,1.141,5,"{""knn"": 15, ""label_mode"": ""components"", ""lite"": true, ""n_cover"": 15, ""regularization"": 10.0, ""threshold"": 0.5}",0.1.0,2026-06-20T01:49:16+00:00
blobs,shapediscover,clustering,homogeneity,1.0,1,900,10,1.141,5,"{""knn"": 15, ""label_mode"": ""components"", ""lite"": true, ""n_cover"": 15, ""regularization"": 10.0, ""threshold"": 0.5}",0.1.0,2026-06-20T01:49:16+00:00
blobs,shapediscover,clustering,completeness,1.0,1,900,10,1.141,5,"{""knn"": 15, ""label_mode"": ""components"", ""lite"": true, ""n_cover"": 15, ""regularization"": 10.0, ""threshold"": 0.5}",0.1.0,2026-06-20T01:49:16+00:00
blobs,shapediscover,clustering,n_clusters_pred,5.0,1,900,10,1.141,5,"{""knn"": 15, ""label_mode"": ""components"", ""lite"": true, ""n_cover"": 15, ""regularization"": 10.0, ""threshold"": 0.5}",0.1.0,2026-06-20T01:49:16+00:00
blobs,shapediscover,clustering,n_clusters_true,5.0,1,900,10,1.141,5,"{""knn"": 15, ""label_mode"": ""components"", ""lite"": true, ""n_cover"": 15, ""regularization"": 10.0, ""threshold"": 0.5}",0.1.0,2026-06-20T01:49:16+00:00
blobs,shapediscover,embedding,trustworthiness,0.6926258710249589,1,900,10,1.141,5,"{""knn"": 15, ""label_mode"": ""components"", ""lite"": true, ""n_cover"": 15, ""regularization"": 10.0, ""threshold"": 0.5}",0.1.0,2026-06-20T01:49:16+00:00
blobs,shapediscover,embedding,continuity,0.7911880569280797,1,900,10,1.141,5,"{""knn"": 15, ""label_mode"": ""components"", ""lite"": true, ""n_cover"": 15, ""regularization"": 10.0, ""threshold"": 0.5}",0.1.0,2026-06-20T01:49:16+00:00
blobs,shapediscover,embedding,knn_recall,0.06333333333333332,1,900,10,1.141,5,"{""knn"": 15, ""label_mode"": ""components"", ""lite"": true, ""n_cover"": 15, ""regularization"": 10.0, ""threshold"": 0.5}",0.1.0,2026-06-20T01:49:16+00:00
blobs,shapediscover,embedding,global_corr,0.23458892637574302,1,900,10,1.141,5,"{""knn"": 15, ""label_mode"": ""components"", ""lite"": true, ""n_cover"": 15, ""regularization"": 10.0, ""threshold"": 0.5}",0.1.0,2026-06-20T01:49:16+00:00
blobs,shapediscover,clustering,ari,1.0,2,900,10,1.015,5,"{""knn"": 15, ""label_mode"": ""components"", ""lite"": true, ""n_cover"": 15, ""regularization"": 10.0, ""threshold"": 0.5}",0.1.0,2026-06-20T01:49:16+00:00
blobs,shapediscover,clustering,ami,1.0,2,900,10,1.015,5,"{""knn"": 15, ""label_mode"": ""components"", ""lite"": true, ""n_cover"": 15, ""regularization"": 10.0, ""threshold"": 0.5}",0.1.0,2026-06-20T01:49:16+00:00
blobs,shapediscover,clustering,nmi,1.0,2,900,10,1.015,5,"{""knn"": 15, ""label_mode"": ""components"", ""lite"": true, ""n_cover"": 15, ""regularization"": 10.0, ""threshold"": 0.5}",0.1.0,2026-06-20T01:49:16+00:00
blobs,shapediscover,clustering,homogeneity,1.0,2,900,10,1.015,5,"{""knn"": 15, ""label_mode"": ""components"", ""lite"": true, ""n_cover"": 15, ""regularization"": 10.0, ""threshold"": 0.5}",0.1.0,2026-06-20T01:49:16+00:00
blobs,shapediscover,clustering,completeness,1.0,2,900,10,1.015,5,"{""knn"": 15, ""label_mode"": ""components"", ""lite"": true, ""n_cover"": 15, ""regularization"": 10.0, ""threshold"": 0.5}",0.1.0,2026-06-20T01:49:16+00:00
blobs,shapediscover,clustering,n_clusters_pred,5.0,2,900,10,1.015,5,"{""knn"": 15, ""label_mode"": ""components"", ""lite"": true, ""n_cover"": 15, ""regularization"": 10.0, ""threshold"": 0.5}",0.1.0,2026-06-20T01:49:16+00:00
blobs,shapediscover,clustering,n_clusters_true,5.0,2,900,10,1.015,5,"{""knn"": 15, ""label_mode"": ""components"", ""lite"": true, ""n_cover"": 15, ""regularization"": 10.0, ""threshold"": 0.5}",0.1.0,2026-06-20T01:49:16+00:00
blobs,shapediscover,embedding,trustworthiness,0.7054813970184552,2,900,10,1.015,5,"{""knn"": 15, ""label_mode"": ""components"", ""lite"": true, ""n_cover"": 15, ""regularization"": 10.0, ""threshold"": 0.5}",0.1.0,2026-06-20T01:49:16+00:00
blobs,shapediscover,embedding,continuity,0.7962984923349804,2,900,10,1.015,5,"{""knn"": 15, ""label_mode"": ""components"", ""lite"": true, ""n_cover"": 15, ""regularization"": 10.0, ""threshold"": 0.5}",0.1.0,2026-06-20T01:49:16+00:00
blobs,shapediscover,embedding,knn_recall,0.06807407407407408,2,900,10,1.015,5,"{""knn"": 15, ""label_mode"": ""components"", ""lite"": true, ""n_cover"": 15, ""regularization"": 10.0, ""threshold"": 0.5}",0.1.0,2026-06-20T01:49:16+00:00
blobs,shapediscover,embedding,global_corr,0.23747660219302302,2,900,10,1.015,5,"{""knn"": 15, ""label_mode"": ""components"", ""lite"": true, ""n_cover"": 15, ""regularization"": 10.0, ""threshold"": 0.5}",0.1.0,2026-06-20T01:49:16+00:00
moons,shapediscover,clustering,ari,1.0,0,800,2,0.888,12,"{""knn"": 15, ""label_mode"": ""components"", ""lite"": true, ""n_cover"": 15, ""regularization"": 10.0, ""threshold"": 0.5}",0.1.0,2026-06-20T01:49:16+00:00
moons,shapediscover,clustering,ami,1.0,0,800,2,0.888,12,"{""knn"": 15, ""label_mode"": ""components"", ""lite"": true, ""n_cover"": 15, ""regularization"": 10.0, ""threshold"": 0.5}",0.1.0,2026-06-20T01:49:16+00:00
moons,shapediscover,clustering,nmi,1.0,0,800,2,0.888,12,"{""knn"": 15, ""label_mode"": ""components"", ""lite"": true, ""n_cover"": 15, ""regularization"": 10.0, ""threshold"": 0.5}",0.1.0,2026-06-20T01:49:16+00:00
moons,shapediscover,clustering,homogeneity,1.0,0,800,2,0.888,12,"{""knn"": 15, ""label_mode"": ""components"", ""lite"": true, ""n_cover"": 15, ""regularization"": 10.0, ""threshold"": 0.5}",0.1.0,2026-06-20T01:49:16+00:00
moons,shapediscover,clustering,completeness,1.0,0,800,2,0.888,12,"{""knn"": 15, ""label_mode"": ""components"", ""lite"": true, ""n_cover"": 15, ""regularization"": 10.0, ""threshold"": 0.5}",0.1.0,2026-06-20T01:49:16+00:00
moons,shapediscover,clustering,n_clusters_pred,2.0,0,800,2,0.888,12,"{""knn"": 15, ""label_mode"": ""components"", ""lite"": true, ""n_cover"": 15, ""regularization"": 10.0, ""threshold"": 0.5}",0.1.0,2026-06-20T01:49:16+00:00
moons,shapediscover,clustering,n_clusters_true,2.0,0,800,2,0.888,12,"{""knn"": 15, ""label_mode"": ""components"", ""lite"": true, ""n_cover"": 15, ""regularization"": 10.0, ""threshold"": 0.5}",0.1.0,2026-06-20T01:49:16+00:00
moons,shapediscover,embedding,trustworthiness,0.9934855212355213,0,800,2,0.888,12,"{""knn"": 15, ""label_mode"": ""components"", ""lite"": true, ""n_cover"": 15, ""regularization"": 10.0, ""threshold"": 0.5}",0.1.0,2026-06-20T01:49:16+00:00
moons,shapediscover,embedding,continuity,0.9957812097812098,0,800,2,0.888,12,"{""knn"": 15, ""label_mode"": ""components"", ""lite"": true, ""n_cover"": 15, ""regularization"": 10.0, ""threshold"": 0.5}",0.1.0,2026-06-20T01:49:16+00:00
moons,shapediscover,embedding,knn_recall,0.6557499999999999,0,800,2,0.888,12,"{""knn"": 15, ""label_mode"": ""components"", ""lite"": true, ""n_cover"": 15, ""regularization"": 10.0, ""threshold"": 0.5}",0.1.0,2026-06-20T01:49:16+00:00
moons,shapediscover,embedding,global_corr,0.6855386988173093,0,800,2,0.888,12,"{""knn"": 15, ""label_mode"": ""components"", ""lite"": true, ""n_cover"": 15, ""regularization"": 10.0, ""threshold"": 0.5}",0.1.0,2026-06-20T01:49:16+00:00
moons,shapediscover,clustering,ari,1.0,1,800,2,0.909,12,"{""knn"": 15, ""label_mode"": ""components"", ""lite"": true, ""n_cover"": 15, ""regularization"": 10.0, ""threshold"": 0.5}",0.1.0,2026-06-20T01:49:16+00:00
moons,shapediscover,clustering,ami,1.0,1,800,2,0.909,12,"{""knn"": 15, ""label_mode"": ""components"", ""lite"": true, ""n_cover"": 15, ""regularization"": 10.0, ""threshold"": 0.5}",0.1.0,2026-06-20T01:49:16+00:00
moons,shapediscover,clustering,nmi,1.0,1,800,2,0.909,12,"{""knn"": 15, ""label_mode"": ""components"", ""lite"": true, ""n_cover"": 15, ""regularization"": 10.0, ""threshold"": 0.5}",0.1.0,2026-06-20T01:49:16+00:00
moons,shapediscover,clustering,homogeneity,1.0,1,800,2,0.909,12,"{""knn"": 15, ""label_mode"": ""components"", ""lite"": true, ""n_cover"": 15, ""regularization"": 10.0, ""threshold"": 0.5}",0.1.0,2026-06-20T01:49:16+00:00
moons,shapediscover,clustering,completeness,1.0,1,800,2,0.909,12,"{""knn"": 15, ""label_mode"": ""components"", ""lite"": true, ""n_cover"": 15, ""regularization"": 10.0, ""threshold"": 0.5}",0.1.0,2026-06-20T01:49:16+00:00
moons,shapediscover,clustering,n_clusters_pred,2.0,1,800,2,0.909,12,"{""knn"": 15, ""label_mode"": ""components"", ""lite"": true, ""n_cover"": 15, ""regularization"": 10.0, ""threshold"": 0.5}",0.1.0,2026-06-20T01:49:16+00:00
moons,shapediscover,clustering,n_clusters_true,2.0,1,800,2,0.909,12,"{""knn"": 15, ""label_mode"": ""components"", ""lite"": true, ""n_cover"": 15, ""regularization"": 10.0, ""threshold"": 0.5}",0.1.0,2026-06-20T01:49:16+00:00
moons,shapediscover,embedding,trustworthiness,0.9925986700986701,1,800,2,0.909,12,"{""knn"": 15, ""label_mode"": ""components"", ""lite"": true, ""n_cover"": 15, ""regularization"": 10.0, ""threshold"": 0.5}",0.1.0,2026-06-20T01:49:16+00:00
moons,shapediscover,embedding,continuity,0.995045474045474,1,800,2,0.909,12,"{""knn"": 15, ""label_mode"": ""components"", ""lite"": true, ""n_cover"": 15, ""regularization"": 10.0, ""threshold"": 0.5}",0.1.0,2026-06-20T01:49:16+00:00
moons,shapediscover,embedding,knn_recall,0.6378333333333334,1,800,2,0.909,12,"{""knn"": 15, ""label_mode"": ""components"", ""lite"": true, ""n_cover"": 15, ""regularization"": 10.0, ""threshold"": 0.5}",0.1.0,2026-06-20T01:49:16+00:00
moons,shapediscover,embedding,global_corr,0.5492676285428517,1,800,2,0.909,12,"{""knn"": 15, ""label_mode"": ""components"", ""lite"": true, ""n_cover"": 15, ""regularization"": 10.0, ""threshold"": 0.5}",0.1.0,2026-06-20T01:49:16+00:00
moons,shapediscover,clustering,ari,1.0,2,800,2,0.892,12,"{""knn"": 15, ""label_mode"": ""components"", ""lite"": true, ""n_cover"": 15, ""regularization"": 10.0, ""threshold"": 0.5}",0.1.0,2026-06-20T01:49:16+00:00
moons,shapediscover,clustering,ami,1.0,2,800,2,0.892,12,"{""knn"": 15, ""label_mode"": ""components"", ""lite"": true, ""n_cover"": 15, ""regularization"": 10.0, ""threshold"": 0.5}",0.1.0,2026-06-20T01:49:16+00:00
moons,shapediscover,clustering,nmi,1.0,2,800,2,0.892,12,"{""knn"": 15, ""label_mode"": ""components"", ""lite"": true, ""n_cover"": 15, ""regularization"": 10.0, ""threshold"": 0.5}",0.1.0,2026-06-20T01:49:16+00:00
moons,shapediscover,clustering,homogeneity,1.0,2,800,2,0.892,12,"{""knn"": 15, ""label_mode"": ""components"", ""lite"": true, ""n_cover"": 15, ""regularization"": 10.0, ""threshold"": 0.5}",0.1.0,2026-06-20T01:49:16+00:00
moons,shapediscover,clustering,completeness,1.0,2,800,2,0.892,12,"{""knn"": 15, ""label_mode"": ""components"", ""lite"": true, ""n_cover"": 15, ""regularization"": 10.0, ""threshold"": 0.5}",0.1.0,2026-06-20T01:49:16+00:00
moons,shapediscover,clustering,n_clusters_pred,2.0,2,800,2,0.892,12,"{""knn"": 15, ""label_mode"": ""components"", ""lite"": true, ""n_cover"": 15, ""regularization"": 10.0, ""threshold"": 0.5}",0.1.0,2026-06-20T01:49:16+00:00
moons,shapediscover,clustering,n_clusters_true,2.0,2,800,2,0.892,12,"{""knn"": 15, ""label_mode"": ""components"", ""lite"": true, ""n_cover"": 15, ""regularization"": 10.0, ""threshold"": 0.5}",0.1.0,2026-06-20T01:49:16+00:00
moons,shapediscover,embedding,trustworthiness,0.9930183397683398,2,800,2,0.892,12,"{""knn"": 15, ""label_mode"": ""components"", ""lite"": true, ""n_cover"": 15, ""regularization"": 10.0, ""threshold"": 0.5}",0.1.0,2026-06-20T01:49:16+00:00
moons,shapediscover,embedding,continuity,0.9951673101673102,2,800,2,0.892,12,"{""knn"": 15, ""label_mode"": ""components"", ""lite"": true, ""n_cover"": 15, ""regularization"": 10.0, ""threshold"": 0.5}",0.1.0,2026-06-20T01:49:16+00:00
moons,shapediscover,embedding,knn_recall,0.6505,2,800,2,0.892,12,"{""knn"": 15, ""label_mode"": ""components"", ""lite"": true, ""n_cover"": 15, ""regularization"": 10.0, ""threshold"": 0.5}",0.1.0,2026-06-20T01:49:16+00:00
moons,shapediscover,embedding,global_corr,0.5333839086123858,2,800,2,0.892,12,"{""knn"": 15, ""label_mode"": ""components"", ""lite"": true, ""n_cover"": 15, ""regularization"": 10.0, ""threshold"": 0.5}",0.1.0,2026-06-20T01:49:16+00:00
nested_circles,shapediscover,clustering,ari,1.0,0,800,2,0.876,15,"{""knn"": 15, ""label_mode"": ""components"", ""lite"": true, ""n_cover"": 15, ""regularization"": 10.0, ""threshold"": 0.5}",0.1.0,2026-06-20T01:49:16+00:00
nested_circles,shapediscover,clustering,ami,1.0,0,800,2,0.876,15,"{""knn"": 15, ""label_mode"": ""components"", ""lite"": true, ""n_cover"": 15, ""regularization"": 10.0, ""threshold"": 0.5}",0.1.0,2026-06-20T01:49:16+00:00
nested_circles,shapediscover,clustering,nmi,1.0,0,800,2,0.876,15,"{""knn"": 15, ""label_mode"": ""components"", ""lite"": true, ""n_cover"": 15, ""regularization"": 10.0, ""threshold"": 0.5}",0.1.0,2026-06-20T01:49:16+00:00
nested_circles,shapediscover,clustering,homogeneity,1.0,0,800,2,0.876,15,"{""knn"": 15, ""label_mode"": ""components"", ""lite"": true, ""n_cover"": 15, ""regularization"": 10.0, ""threshold"": 0.5}",0.1.0,2026-06-20T01:49:16+00:00
nested_circles,shapediscover,clustering,completeness,1.0,0,800,2,0.876,15,"{""knn"": 15, ""label_mode"": ""components"", ""lite"": true, ""n_cover"": 15, ""regularization"": 10.0, ""threshold"": 0.5}",0.1.0,2026-06-20T01:49:16+00:00
nested_circles,shapediscover,clustering,n_clusters_pred,2.0,0,800,2,0.876,15,"{""knn"": 15, ""label_mode"": ""components"", ""lite"": true, ""n_cover"": 15, ""regularization"": 10.0, ""threshold"": 0.5}",0.1.0,2026-06-20T01:49:16+00:00
nested_circles,shapediscover,clustering,n_clusters_true,2.0,0,800,2,0.876,15,"{""knn"": 15, ""label_mode"": ""components"", ""lite"": true, ""n_cover"": 15, ""regularization"": 10.0, ""threshold"": 0.5}",0.1.0,2026-06-20T01:49:16+00:00
nested_circles,shapediscover,embedding,trustworthiness,0.9982847490347491,0,800,2,0.876,15,"{""knn"": 15, ""label_mode"": ""components"", ""lite"": true, ""n_cover"": 15, ""regularization"": 10.0, ""threshold"": 0.5}",0.1.0,2026-06-20T01:49:16+00:00
nested_circles,shapediscover,embedding,continuity,0.998717395967396,0,800,2,0.876,15,"{""knn"": 15, ""label_mode"": ""components"", ""lite"": true, ""n_cover"": 15, ""regularization"": 10.0, ""threshold"": 0.5}",0.1.0,2026-06-20T01:49:16+00:00
nested_circles,shapediscover,embedding,knn_recall,0.8178333333333333,0,800,2,0.876,15,"{""knn"": 15, ""label_mode"": ""components"", ""lite"": true, ""n_cover"": 15, ""regularization"": 10.0, ""threshold"": 0.5}",0.1.0,2026-06-20T01:49:16+00:00
nested_circles,shapediscover,embedding,global_corr,0.2898915300166771,0,800,2,0.876,15,"{""knn"": 15, ""label_mode"": ""components"", ""lite"": true, ""n_cover"": 15, ""regularization"": 10.0, ""threshold"": 0.5}",0.1.0,2026-06-20T01:49:16+00:00
nested_circles,shapediscover,clustering,ari,1.0,1,800,2,0.88,15,"{""knn"": 15, ""label_mode"": ""components"", ""lite"": true, ""n_cover"": 15, ""regularization"": 10.0, ""threshold"": 0.5}",0.1.0,2026-06-20T01:49:16+00:00
nested_circles,shapediscover,clustering,ami,1.0,1,800,2,0.88,15,"{""knn"": 15, ""label_mode"": ""components"", ""lite"": true, ""n_cover"": 15, ""regularization"": 10.0, ""threshold"": 0.5}",0.1.0,2026-06-20T01:49:16+00:00
nested_circles,shapediscover,clustering,nmi,1.0,1,800,2,0.88,15,"{""knn"": 15, ""label_mode"": ""components"", ""lite"": true, ""n_cover"": 15, ""regularization"": 10.0, ""threshold"": 0.5}",0.1.0,2026-06-20T01:49:16+00:00
nested_circles,shapediscover,clustering,homogeneity,1.0,1,800,2,0.88,15,"{""knn"": 15, ""label_mode"": ""components"", ""lite"": true, ""n_cover"": 15, ""regularization"": 10.0, ""threshold"": 0.5}",0.1.0,2026-06-20T01:49:16+00:00
nested_circles,shapediscover,clustering,completeness,1.0,1,800,2,0.88,15,"{""knn"": 15, ""label_mode"": ""components"", ""lite"": true, ""n_cover"": 15, ""regularization"": 10.0, ""threshold"": 0.5}",0.1.0,2026-06-20T01:49:16+00:00
nested_circles,shapediscover,clustering,n_clusters_pred,2.0,1,800,2,0.88,15,"{""knn"": 15, ""label_mode"": ""components"", ""lite"": true, ""n_cover"": 15, ""regularization"": 10.0, ""threshold"": 0.5}",0.1.0,2026-06-20T01:49:16+00:00
nested_circles,shapediscover,clustering,n_clusters_true,2.0,1,800,2,0.88,15,"{""knn"": 15, ""label_mode"": ""components"", ""lite"": true, ""n_cover"": 15, ""regularization"": 10.0, ""threshold"": 0.5}",0.1.0,2026-06-20T01:49:16+00:00
nested_circles,shapediscover,embedding,trustworthiness,0.9821279493779493,1,800,2,0.88,15,"{""knn"": 15, ""label_mode"": ""components"", ""lite"": true, ""n_cover"": 15, ""regularization"": 10.0, ""threshold"": 0.5}",0.1.0,2026-06-20T01:49:16+00:00
nested_circles,shapediscover,embedding,continuity,0.9965314242814243,1,800,2,0.88,15,"{""knn"": 15, ""label_mode"": ""components"", ""lite"": true, ""n_cover"": 15, ""regularization"": 10.0, ""threshold"": 0.5}",0.1.0,2026-06-20T01:49:16+00:00
nested_circles,shapediscover,embedding,knn_recall,0.7655,1,800,2,0.88,15,"{""knn"": 15, ""label_mode"": ""components"", ""lite"": true, ""n_cover"": 15, ""regularization"": 10.0, ""threshold"": 0.5}",0.1.0,2026-06-20T01:49:16+00:00
nested_circles,shapediscover,embedding,global_corr,0.386850437478109,1,800,2,0.88,15,"{""knn"": 15, ""label_mode"": ""components"", ""lite"": true, ""n_cover"": 15, ""regularization"": 10.0, ""threshold"": 0.5}",0.1.0,2026-06-20T01:49:16+00:00
nested_circles,shapediscover,clustering,ari,1.0,2,800,2,0.886,15,"{""knn"": 15, ""label_mode"": ""components"", ""lite"": true, ""n_cover"": 15, ""regularization"": 10.0, ""threshold"": 0.5}",0.1.0,2026-06-20T01:49:16+00:00
nested_circles,shapediscover,clustering,ami,1.0,2,800,2,0.886,15,"{""knn"": 15, ""label_mode"": ""components"", ""lite"": true, ""n_cover"": 15, ""regularization"": 10.0, ""threshold"": 0.5}",0.1.0,2026-06-20T01:49:16+00:00
nested_circles,shapediscover,clustering,nmi,1.0,2,800,2,0.886,15,"{""knn"": 15, ""label_mode"": ""components"", ""lite"": true, ""n_cover"": 15, ""regularization"": 10.0, ""threshold"": 0.5}",0.1.0,2026-06-20T01:49:16+00:00
nested_circles,shapediscover,clustering,homogeneity,1.0,2,800,2,0.886,15,"{""knn"": 15, ""label_mode"": ""components"", ""lite"": true, ""n_cover"": 15, ""regularization"": 10.0, ""threshold"": 0.5}",0.1.0,2026-06-20T01:49:16+00:00
nested_circles,shapediscover,clustering,completeness,1.0,2,800,2,0.886,15,"{""knn"": 15, ""label_mode"": ""components"", ""lite"": true, ""n_cover"": 15, ""regularization"": 10.0, ""threshold"": 0.5}",0.1.0,2026-06-20T01:49:16+00:00
nested_circles,shapediscover,clustering,n_clusters_pred,2.0,2,800,2,0.886,15,"{""knn"": 15, ""label_mode"": ""components"", ""lite"": true, ""n_cover"": 15, ""regularization"": 10.0, ""threshold"": 0.5}",0.1.0,2026-06-20T01:49:16+00:00
nested_circles,shapediscover,clustering,n_clusters_true,2.0,2,800,2,0.886,15,"{""knn"": 15, ""label_mode"": ""components"", ""lite"": true, ""n_cover"": 15, ""regularization"": 10.0, ""threshold"": 0.5}",0.1.0,2026-06-20T01:49:16+00:00
nested_circles,shapediscover,embedding,trustworthiness,0.998536894036894,2,800,2,0.886,15,"{""knn"": 15, ""label_mode"": ""components"", ""lite"": true, ""n_cover"": 15, ""regularization"": 10.0, ""threshold"": 0.5}",0.1.0,2026-06-20T01:49:16+00:00
nested_circles,shapediscover,embedding,continuity,0.9987438867438867,2,800,2,0.886,15,"{""knn"": 15, ""label_mode"": ""components"", ""lite"": true, ""n_cover"": 15, ""regularization"": 10.0, ""threshold"": 0.5}",0.1.0,2026-06-20T01:49:16+00:00
nested_circles,shapediscover,embedding,knn_recall,0.8275,2,800,2,0.886,15,"{""knn"": 15, ""label_mode"": ""components"", ""lite"": true, ""n_cover"": 15, ""regularization"": 10.0, ""threshold"": 0.5}",0.1.0,2026-06-20T01:49:16+00:00
nested_circles,shapediscover,embedding,global_corr,0.4038701182802565,2,800,2,0.886,15,"{""knn"": 15, ""label_mode"": ""components"", ""lite"": true, ""n_cover"": 15, ""regularization"": 10.0, ""threshold"": 0.5}",0.1.0,2026-06-20T01:49:16+00:00
iris,shapediscover,clustering,ari,0.5681159420289855,0,150,4,0.391,3,"{""knn"": 15, ""label_mode"": ""components"", ""lite"": true, ""n_cover"": 15, ""regularization"": 10.0, ""threshold"": 0.5}",0.1.0,2026-06-20T01:49:16+00:00
iris,shapediscover,clustering,ami,0.7315847607219574,0,150,4,0.391,3,"{""knn"": 15, ""label_mode"": ""components"", ""lite"": true, ""n_cover"": 15, ""regularization"": 10.0, ""threshold"": 0.5}",0.1.0,2026-06-20T01:49:16+00:00
iris,shapediscover,clustering,nmi,0.7336804366512104,0,150,4,0.391,3,"{""knn"": 15, ""label_mode"": ""components"", ""lite"": true, ""n_cover"": 15, ""regularization"": 10.0, ""threshold"": 0.5}",0.1.0,2026-06-20T01:49:16+00:00
iris,shapediscover,clustering,homogeneity,0.5793801642856945,0,150,4,0.391,3,"{""knn"": 15, ""label_mode"": ""components"", ""lite"": true, ""n_cover"": 15, ""regularization"": 10.0, ""threshold"": 0.5}",0.1.0,2026-06-20T01:49:16+00:00
iris,shapediscover,clustering,completeness,0.9999999999999997,0,150,4,0.391,3,"{""knn"": 15, ""label_mode"": ""components"", ""lite"": true, ""n_cover"": 15, ""regularization"": 10.0, ""threshold"": 0.5}",0.1.0,2026-06-20T01:49:16+00:00
iris,shapediscover,clustering,n_clusters_pred,2.0,0,150,4,0.391,3,"{""knn"": 15, ""label_mode"": ""components"", ""lite"": true, ""n_cover"": 15, ""regularization"": 10.0, ""threshold"": 0.5}",0.1.0,2026-06-20T01:49:16+00:00
iris,shapediscover,clustering,n_clusters_true,3.0,0,150,4,0.391,3,"{""knn"": 15, ""label_mode"": ""components"", ""lite"": true, ""n_cover"": 15, ""regularization"": 10.0, ""threshold"": 0.5}",0.1.0,2026-06-20T01:49:16+00:00
iris,shapediscover,embedding,trustworthiness,0.9363324584426946,0,150,4,0.391,3,"{""knn"": 15, ""label_mode"": ""components"", ""lite"": true, ""n_cover"": 15, ""regularization"": 10.0, ""threshold"": 0.5}",0.1.0,2026-06-20T01:49:16+00:00
iris,shapediscover,embedding,continuity,0.9450113735783027,0,150,4,0.391,3,"{""knn"": 15, ""label_mode"": ""components"", ""lite"": true, ""n_cover"": 15, ""regularization"": 10.0, ""threshold"": 0.5}",0.1.0,2026-06-20T01:49:16+00:00
iris,shapediscover,embedding,knn_recall,0.5315555555555556,0,150,4,0.391,3,"{""knn"": 15, ""label_mode"": ""components"", ""lite"": true, ""n_cover"": 15, ""regularization"": 10.0, ""threshold"": 0.5}",0.1.0,2026-06-20T01:49:16+00:00
iris,shapediscover,embedding,global_corr,0.8369481217965032,0,150,4,0.391,3,"{""knn"": 15, ""label_mode"": ""components"", ""lite"": true, ""n_cover"": 15, ""regularization"": 10.0, ""threshold"": 0.5}",0.1.0,2026-06-20T01:49:16+00:00
iris,shapediscover,clustering,ari,0.5681159420289855,1,150,4,0.388,3,"{""knn"": 15, ""label_mode"": ""components"", ""lite"": true, ""n_cover"": 15, ""regularization"": 10.0, ""threshold"": 0.5}",0.1.0,2026-06-20T01:49:16+00:00
iris,shapediscover,clustering,ami,0.7315847607219574,1,150,4,0.388,3,"{""knn"": 15, ""label_mode"": ""components"", ""lite"": true, ""n_cover"": 15, ""regularization"": 10.0, ""threshold"": 0.5}",0.1.0,2026-06-20T01:49:16+00:00
iris,shapediscover,clustering,nmi,0.7336804366512104,1,150,4,0.388,3,"{""knn"": 15, ""label_mode"": ""components"", ""lite"": true, ""n_cover"": 15, ""regularization"": 10.0, ""threshold"": 0.5}",0.1.0,2026-06-20T01:49:16+00:00
iris,shapediscover,clustering,homogeneity,0.5793801642856945,1,150,4,0.388,3,"{""knn"": 15, ""label_mode"": ""components"", ""lite"": true, ""n_cover"": 15, ""regularization"": 10.0, ""threshold"": 0.5}",0.1.0,2026-06-20T01:49:16+00:00
iris,shapediscover,clustering,completeness,0.9999999999999997,1,150,4,0.388,3,"{""knn"": 15, ""label_mode"": ""components"", ""lite"": true, ""n_cover"": 15, ""regularization"": 10.0, ""threshold"": 0.5}",0.1.0,2026-06-20T01:49:16+00:00
iris,shapediscover,clustering,n_clusters_pred,2.0,1,150,4,0.388,3,"{""knn"": 15, ""label_mode"": ""components"", ""lite"": true, ""n_cover"": 15, ""regularization"": 10.0, ""threshold"": 0.5}",0.1.0,2026-06-20T01:49:16+00:00
iris,shapediscover,clustering,n_clusters_true,3.0,1,150,4,0.388,3,"{""knn"": 15, ""label_mode"": ""components"", ""lite"": true, ""n_cover"": 15, ""regularization"": 10.0, ""threshold"": 0.5}",0.1.0,2026-06-20T01:49:16+00:00
iris,shapediscover,embedding,trustworthiness,0.9538057742782152,1,150,4,0.388,3,"{""knn"": 15, ""label_mode"": ""components"", ""lite"": true, ""n_cover"": 15, ""regularization"": 10.0, ""threshold"": 0.5}",0.1.0,2026-06-20T01:49:16+00:00
iris,shapediscover,embedding,continuity,0.9600349956255468,1,150,4,0.388,3,"{""knn"": 15, ""label_mode"": ""components"", ""lite"": true, ""n_cover"": 15, ""regularization"": 10.0, ""threshold"": 0.5}",0.1.0,2026-06-20T01:49:16+00:00
iris,shapediscover,embedding,knn_recall,0.5977777777777777,1,150,4,0.388,3,"{""knn"": 15, ""label_mode"": ""components"", ""lite"": true, ""n_cover"": 15, ""regularization"": 10.0, ""threshold"": 0.5}",0.1.0,2026-06-20T01:49:16+00:00
iris,shapediscover,embedding,global_corr,0.8452110750046498,1,150,4,0.388,3,"{""knn"": 15, ""label_mode"": ""components"", ""lite"": true, ""n_cover"": 15, ""regularization"": 10.0, ""threshold"": 0.5}",0.1.0,2026-06-20T01:49:16+00:00
iris,shapediscover,clustering,ari,0.5681159420289855,2,150,4,0.394,3,"{""knn"": 15, ""label_mode"": ""components"", ""lite"": true, ""n_cover"": 15, ""regularization"": 10.0, ""threshold"": 0.5}",0.1.0,2026-06-20T01:49:16+00:00
iris,shapediscover,clustering,ami,0.7315847607219574,2,150,4,0.394,3,"{""knn"": 15, ""label_mode"": ""components"", ""lite"": true, ""n_cover"": 15, ""regularization"": 10.0, ""threshold"": 0.5}",0.1.0,2026-06-20T01:49:16+00:00
iris,shapediscover,clustering,nmi,0.7336804366512104,2,150,4,0.394,3,"{""knn"": 15, ""label_mode"": ""components"", ""lite"": true, ""n_cover"": 15, ""regularization"": 10.0, ""threshold"": 0.5}",0.1.0,2026-06-20T01:49:16+00:00
iris,shapediscover,clustering,homogeneity,0.5793801642856945,2,150,4,0.394,3,"{""knn"": 15, ""label_mode"": ""components"", ""lite"": true, ""n_cover"": 15, ""regularization"": 10.0, ""threshold"": 0.5}",0.1.0,2026-06-20T01:49:16+00:00
iris,shapediscover,clustering,completeness,0.9999999999999997,2,150,4,0.394,3,"{""knn"": 15, ""label_mode"": ""components"", ""lite"": true, ""n_cover"": 15, ""regularization"": 10.0, ""threshold"": 0.5}",0.1.0,2026-06-20T01:49:16+00:00
iris,shapediscover,clustering,n_clusters_pred,2.0,2,150,4,0.394,3,"{""knn"": 15, ""label_mode"": ""components"", ""lite"": true, ""n_cover"": 15, ""regularization"": 10.0, ""threshold"": 0.5}",0.1.0,2026-06-20T01:49:16+00:00
iris,shapediscover,clustering,n_clusters_true,3.0,2,150,4,0.394,3,"{""knn"": 15, ""label_mode"": ""components"", ""lite"": true, ""n_cover"": 15, ""regularization"": 10.0, ""threshold"": 0.5}",0.1.0,2026-06-20T01:49:16+00:00
iris,shapediscover,embedding,trustworthiness,0.9371968503937008,2,150,4,0.394,3,"{""knn"": 15, ""label_mode"": ""components"", ""lite"": true, ""n_cover"": 15, ""regularization"": 10.0, ""threshold"": 0.5}",0.1.0,2026-06-20T01:49:16+00:00
iris,shapediscover,embedding,continuity,0.9435940507436571,2,150,4,0.394,3,"{""knn"": 15, ""label_mode"": ""components"", ""lite"": true, ""n_cover"": 15, ""regularization"": 10.0, ""threshold"": 0.5}",0.1.0,2026-06-20T01:49:16+00:00
iris,shapediscover,embedding,knn_recall,0.528,2,150,4,0.394,3,"{""knn"": 15, ""label_mode"": ""components"", ""lite"": true, ""n_cover"": 15, ""regularization"": 10.0, ""threshold"": 0.5}",0.1.0,2026-06-20T01:49:16+00:00
iris,shapediscover,embedding,global_corr,0.8303456541078796,2,150,4,0.394,3,"{""knn"": 15, ""label_mode"": ""components"", ""lite"": true, ""n_cover"": 15, ""regularization"": 10.0, ""threshold"": 0.5}",0.1.0,2026-06-20T01:49:16+00:00
wine,shapediscover,clustering,ari,0.177927240939515,0,178,13,0.398,7,"{""knn"": 15, ""label_mode"": ""components"", ""lite"": true, ""n_cover"": 15, ""regularization"": 10.0, ""threshold"": 0.5}",0.1.0,2026-06-20T01:49:16+00:00
wine,shapediscover,clustering,ami,0.24408512419699444,0,178,13,0.398,7,"{""knn"": 15, ""label_mode"": ""components"", ""lite"": true, ""n_cover"": 15, ""regularization"": 10.0, ""threshold"": 0.5}",0.1.0,2026-06-20T01:49:16+00:00
wine,shapediscover,clustering,nmi,0.24911382548390149,0,178,13,0.398,7,"{""knn"": 15, ""label_mode"": ""components"", ""lite"": true, ""n_cover"": 15, ""regularization"": 10.0, ""threshold"": 0.5}",0.1.0,2026-06-20T01:49:16+00:00
wine,shapediscover,clustering,homogeneity,0.19647150162743482,0,178,13,0.398,7,"{""knn"": 15, ""label_mode"": ""components"", ""lite"": true, ""n_cover"": 15, ""regularization"": 10.0, ""threshold"": 0.5}",0.1.0,2026-06-20T01:49:16+00:00
wine,shapediscover,clustering,completeness,0.34029094880118366,0,178,13,0.398,7,"{""knn"": 15, ""label_mode"": ""components"", ""lite"": true, ""n_cover"": 15, ""regularization"": 10.0, ""threshold"": 0.5}",0.1.0,2026-06-20T01:49:16+00:00
wine,shapediscover,clustering,n_clusters_pred,2.0,0,178,13,0.398,7,"{""knn"": 15, ""label_mode"": ""components"", ""lite"": true, ""n_cover"": 15, ""regularization"": 10.0, ""threshold"": 0.5}",0.1.0,2026-06-20T01:49:16+00:00
wine,shapediscover,clustering,n_clusters_true,3.0,0,178,13,0.398,7,"{""knn"": 15, ""label_mode"": ""components"", ""lite"": true, ""n_cover"": 15, ""regularization"": 10.0, ""threshold"": 0.5}",0.1.0,2026-06-20T01:49:16+00:00
wine,shapediscover,embedding,trustworthiness,0.93841005195119,0,178,13,0.398,7,"{""knn"": 15, ""label_mode"": ""components"", ""lite"": true, ""n_cover"": 15, ""regularization"": 10.0, ""threshold"": 0.5}",0.1.0,2026-06-20T01:49:16+00:00
wine,shapediscover,embedding,continuity,0.9512456203938625,0,178,13,0.398,7,"{""knn"": 15, ""label_mode"": ""components"", ""lite"": true, ""n_cover"": 15, ""regularization"": 10.0, ""threshold"": 0.5}",0.1.0,2026-06-20T01:49:16+00:00
wine,shapediscover,embedding,knn_recall,0.5880149812734082,0,178,13,0.398,7,"{""knn"": 15, ""label_mode"": ""components"", ""lite"": true, ""n_cover"": 15, ""regularization"": 10.0, ""threshold"": 0.5}",0.1.0,2026-06-20T01:49:16+00:00
wine,shapediscover,embedding,global_corr,0.7786287818581381,0,178,13,0.398,7,"{""knn"": 15, ""label_mode"": ""components"", ""lite"": true, ""n_cover"": 15, ""regularization"": 10.0, ""threshold"": 0.5}",0.1.0,2026-06-20T01:49:16+00:00
wine,shapediscover,clustering,ari,0.177927240939515,1,178,13,0.397,7,"{""knn"": 15, ""label_mode"": ""components"", ""lite"": true, ""n_cover"": 15, ""regularization"": 10.0, ""threshold"": 0.5}",0.1.0,2026-06-20T01:49:16+00:00
wine,shapediscover,clustering,ami,0.24408512419699444,1,178,13,0.397,7,"{""knn"": 15, ""label_mode"": ""components"", ""lite"": true, ""n_cover"": 15, ""regularization"": 10.0, ""threshold"": 0.5}",0.1.0,2026-06-20T01:49:16+00:00
wine,shapediscover,clustering,nmi,0.24911382548390149,1,178,13,0.397,7,"{""knn"": 15, ""label_mode"": ""components"", ""lite"": true, ""n_cover"": 15, ""regularization"": 10.0, ""threshold"": 0.5}",0.1.0,2026-06-20T01:49:16+00:00
wine,shapediscover,clustering,homogeneity,0.19647150162743482,1,178,13,0.397,7,"{""knn"": 15, ""label_mode"": ""components"", ""lite"": true, ""n_cover"": 15, ""regularization"": 10.0, ""threshold"": 0.5}",0.1.0,2026-06-20T01:49:16+00:00
wine,shapediscover,clustering,completeness,0.34029094880118366,1,178,13,0.397,7,"{""knn"": 15, ""label_mode"": ""components"", ""lite"": true, ""n_cover"": 15, ""regularization"": 10.0, ""threshold"": 0.5}",0.1.0,2026-06-20T01:49:16+00:00
wine,shapediscover,clustering,n_clusters_pred,2.0,1,178,13,0.397,7,"{""knn"": 15, ""label_mode"": ""components"", ""lite"": true, ""n_cover"": 15, ""regularization"": 10.0, ""threshold"": 0.5}",0.1.0,2026-06-20T01:49:16+00:00
wine,shapediscover,clustering,n_clusters_true,3.0,1,178,13,0.397,7,"{""knn"": 15, ""label_mode"": ""components"", ""lite"": true, ""n_cover"": 15, ""regularization"": 10.0, ""threshold"": 0.5}",0.1.0,2026-06-20T01:49:16+00:00
wine,shapediscover,embedding,trustworthiness,0.9375353388909025,1,178,13,0.397,7,"{""knn"": 15, ""label_mode"": ""components"", ""lite"": true, ""n_cover"": 15, ""regularization"": 10.0, ""threshold"": 0.5}",0.1.0,2026-06-20T01:49:16+00:00
wine,shapediscover,embedding,continuity,0.952158994804881,1,178,13,0.397,7,"{""knn"": 15, ""label_mode"": ""components"", ""lite"": true, ""n_cover"": 15, ""regularization"": 10.0, ""threshold"": 0.5}",0.1.0,2026-06-20T01:49:16+00:00
wine,shapediscover,embedding,knn_recall,0.5861423220973783,1,178,13,0.397,7,"{""knn"": 15, ""label_mode"": ""components"", ""lite"": true, ""n_cover"": 15, ""regularization"": 10.0, ""threshold"": 0.5}",0.1.0,2026-06-20T01:49:16+00:00
wine,shapediscover,embedding,global_corr,0.7754813730773583,1,178,13,0.397,7,"{""knn"": 15, ""label_mode"": ""components"", ""lite"": true, ""n_cover"": 15, ""regularization"": 10.0, ""threshold"": 0.5}",0.1.0,2026-06-20T01:49:16+00:00
wine,shapediscover,clustering,ari,0.177927240939515,2,178,13,0.391,7,"{""knn"": 15, ""label_mode"": ""components"", ""lite"": true, ""n_cover"": 15, ""regularization"": 10.0, ""threshold"": 0.5}",0.1.0,2026-06-20T01:49:16+00:00
wine,shapediscover,clustering,ami,0.24408512419699444,2,178,13,0.391,7,"{""knn"": 15, ""label_mode"": ""components"", ""lite"": true, ""n_cover"": 15, ""regularization"": 10.0, ""threshold"": 0.5}",0.1.0,2026-06-20T01:49:16+00:00
wine,shapediscover,clustering,nmi,0.24911382548390149,2,178,13,0.391,7,"{""knn"": 15, ""label_mode"": ""components"", ""lite"": true, ""n_cover"": 15, ""regularization"": 10.0, ""threshold"": 0.5}",0.1.0,2026-06-20T01:49:16+00:00
wine,shapediscover,clustering,homogeneity,0.19647150162743482,2,178,13,0.391,7,"{""knn"": 15, ""label_mode"": ""components"", ""lite"": true, ""n_cover"": 15, ""regularization"": 10.0, ""threshold"": 0.5}",0.1.0,2026-06-20T01:49:16+00:00
wine,shapediscover,clustering,completeness,0.34029094880118366,2,178,13,0.391,7,"{""knn"": 15, ""label_mode"": ""components"", ""lite"": true, ""n_cover"": 15, ""regularization"": 10.0, ""threshold"": 0.5}",0.1.0,2026-06-20T01:49:16+00:00
wine,shapediscover,clustering,n_clusters_pred,2.0,2,178,13,0.391,7,"{""knn"": 15, ""label_mode"": ""components"", ""lite"": true, ""n_cover"": 15, ""regularization"": 10.0, ""threshold"": 0.5}",0.1.0,2026-06-20T01:49:16+00:00
wine,shapediscover,clustering,n_clusters_true,3.0,2,178,13,0.391,7,"{""knn"": 15, ""label_mode"": ""components"", ""lite"": true, ""n_cover"": 15, ""regularization"": 10.0, ""threshold"": 0.5}",0.1.0,2026-06-20T01:49:16+00:00
wine,shapediscover,embedding,trustworthiness,0.9658257822882687,2,178,13,0.391,7,"{""knn"": 15, ""label_mode"": ""components"", ""lite"": true, ""n_cover"": 15, ""regularization"": 10.0, ""threshold"": 0.5}",0.1.0,2026-06-20T01:49:16+00:00
wine,shapediscover,embedding,continuity,0.9597245378760421,2,178,13,0.391,7,"{""knn"": 15, ""label_mode"": ""components"", ""lite"": true, ""n_cover"": 15, ""regularization"": 10.0, ""threshold"": 0.5}",0.1.0,2026-06-20T01:49:16+00:00
wine,shapediscover,embedding,knn_recall,0.6775280898876405,2,178,13,0.391,7,"{""knn"": 15, ""label_mode"": ""components"", ""lite"": true, ""n_cover"": 15, ""regularization"": 10.0, ""threshold"": 0.5}",0.1.0,2026-06-20T01:49:16+00:00
wine,shapediscover,embedding,global_corr,0.425587580989977,2,178,13,0.391,7,"{""knn"": 15, ""label_mode"": ""components"", ""lite"": true, ""n_cover"": 15, ""regularization"": 10.0, ""threshold"": 0.5}",0.1.0,2026-06-20T01:49:16+00:00
digits,shapediscover,clustering,ari,0.10734799723819198,0,1797,64,1.493,10,"{""knn"": 15, ""label_mode"": ""components"", ""lite"": true, ""n_cover"": 15, ""regularization"": 10.0, ""threshold"": 0.5}",0.1.0,2026-06-20T01:49:16+00:00
digits,shapediscover,clustering,ami,0.43234444745190753,0,1797,64,1.493,10,"{""knn"": 15, ""label_mode"": ""components"", ""lite"": true, ""n_cover"": 15, ""regularization"": 10.0, ""threshold"": 0.5}",0.1.0,2026-06-20T01:49:16+00:00
digits,shapediscover,clustering,nmi,0.4353062465509114,0,1797,64,1.493,10,"{""knn"": 15, ""label_mode"": ""components"", ""lite"": true, ""n_cover"": 15, ""regularization"": 10.0, ""threshold"": 0.5}",0.1.0,2026-06-20T01:49:16+00:00
digits,shapediscover,clustering,homogeneity,0.2846344620517252,0,1797,64,1.493,10,"{""knn"": 15, ""label_mode"": ""components"", ""lite"": true, ""n_cover"": 15, ""regularization"": 10.0, ""threshold"": 0.5}",0.1.0,2026-06-20T01:49:16+00:00
digits,shapediscover,clustering,completeness,0.9249080533358294,0,1797,64,1.493,10,"{""knn"": 15, ""label_mode"": ""components"", ""lite"": true, ""n_cover"": 15, ""regularization"": 10.0, ""threshold"": 0.5}",0.1.0,2026-06-20T01:49:16+00:00
digits,shapediscover,clustering,n_clusters_pred,4.0,0,1797,64,1.493,10,"{""knn"": 15, ""label_mode"": ""components"", ""lite"": true, ""n_cover"": 15, ""regularization"": 10.0, ""threshold"": 0.5}",0.1.0,2026-06-20T01:49:16+00:00
digits,shapediscover,clustering,n_clusters_true,10.0,0,1797,64,1.493,10,"{""knn"": 15, ""label_mode"": ""components"", ""lite"": true, ""n_cover"": 15, ""regularization"": 10.0, ""threshold"": 0.5}",0.1.0,2026-06-20T01:49:16+00:00
digits,shapediscover,embedding,trustworthiness,0.7353474840212413,0,1797,64,1.493,10,"{""knn"": 15, ""label_mode"": ""components"", ""lite"": true, ""n_cover"": 15, ""regularization"": 10.0, ""threshold"": 0.5}",0.1.0,2026-06-20T01:49:16+00:00
digits,shapediscover,embedding,continuity,0.840035660084859,0,1797,64,1.493,10,"{""knn"": 15, ""label_mode"": ""components"", ""lite"": true, ""n_cover"": 15, ""regularization"": 10.0, ""threshold"": 0.5}",0.1.0,2026-06-20T01:49:16+00:00
digits,shapediscover,embedding,knn_recall,0.1130402522723057,0,1797,64,1.493,10,"{""knn"": 15, ""label_mode"": ""components"", ""lite"": true, ""n_cover"": 15, ""regularization"": 10.0, ""threshold"": 0.5}",0.1.0,2026-06-20T01:49:16+00:00
digits,shapediscover,embedding,global_corr,0.22894264658612531,0,1797,64,1.493,10,"{""knn"": 15, ""label_mode"": ""components"", ""lite"": true, ""n_cover"": 15, ""regularization"": 10.0, ""threshold"": 0.5}",0.1.0,2026-06-20T01:49:16+00:00
digits,shapediscover,clustering,ari,0.10734799723819198,1,1797,64,1.365,10,"{""knn"": 15, ""label_mode"": ""components"", ""lite"": true, ""n_cover"": 15, ""regularization"": 10.0, ""threshold"": 0.5}",0.1.0,2026-06-20T01:49:16+00:00
digits,shapediscover,clustering,ami,0.43234444745190753,1,1797,64,1.365,10,"{""knn"": 15, ""label_mode"": ""components"", ""lite"": true, ""n_cover"": 15, ""regularization"": 10.0, ""threshold"": 0.5}",0.1.0,2026-06-20T01:49:16+00:00
digits,shapediscover,clustering,nmi,0.4353062465509114,1,1797,64,1.365,10,"{""knn"": 15, ""label_mode"": ""components"", ""lite"": true, ""n_cover"": 15, ""regularization"": 10.0, ""threshold"": 0.5}",0.1.0,2026-06-20T01:49:16+00:00
digits,shapediscover,clustering,homogeneity,0.2846344620517252,1,1797,64,1.365,10,"{""knn"": 15, ""label_mode"": ""components"", ""lite"": true, ""n_cover"": 15, ""regularization"": 10.0, ""threshold"": 0.5}",0.1.0,2026-06-20T01:49:16+00:00
digits,shapediscover,clustering,completeness,0.9249080533358294,1,1797,64,1.365,10,"{""knn"": 15, ""label_mode"": ""components"", ""lite"": true, ""n_cover"": 15, ""regularization"": 10.0, ""threshold"": 0.5}",0.1.0,2026-06-20T01:49:16+00:00
digits,shapediscover,clustering,n_clusters_pred,4.0,1,1797,64,1.365,10,"{""knn"": 15, ""label_mode"": ""components"", ""lite"": true, ""n_cover"": 15, ""regularization"": 10.0, ""threshold"": 0.5}",0.1.0,2026-06-20T01:49:16+00:00
digits,shapediscover,clustering,n_clusters_true,10.0,1,1797,64,1.365,10,"{""knn"": 15, ""label_mode"": ""components"", ""lite"": true, ""n_cover"": 15, ""regularization"": 10.0, ""threshold"": 0.5}",0.1.0,2026-06-20T01:49:16+00:00
digits,shapediscover,embedding,trustworthiness,0.7287126839023743,1,1797,64,1.365,10,"{""knn"": 15, ""label_mode"": ""components"", ""lite"": true, ""n_cover"": 15, ""regularization"": 10.0, ""threshold"": 0.5}",0.1.0,2026-06-20T01:49:16+00:00
digits,shapediscover,embedding,continuity,0.8470723367289046,1,1797,64,1.365,10,"{""knn"": 15, ""label_mode"": ""components"", ""lite"": true, ""n_cover"": 15, ""regularization"": 10.0, ""threshold"": 0.5}",0.1.0,2026-06-20T01:49:16+00:00
digits,shapediscover,embedding,knn_recall,0.11689853459469486,1,1797,64,1.365,10,"{""knn"": 15, ""label_mode"": ""components"", ""lite"": true, ""n_cover"": 15, ""regularization"": 10.0, ""threshold"": 0.5}",0.1.0,2026-06-20T01:49:16+00:00
digits,shapediscover,embedding,global_corr,0.15145909409167593,1,1797,64,1.365,10,"{""knn"": 15, ""label_mode"": ""components"", ""lite"": true, ""n_cover"": 15, ""regularization"": 10.0, ""threshold"": 0.5}",0.1.0,2026-06-20T01:49:16+00:00
digits,shapediscover,clustering,ari,0.10734799723819198,2,1797,64,1.755,12,"{""knn"": 15, ""label_mode"": ""components"", ""lite"": true, ""n_cover"": 15, ""regularization"": 10.0, ""threshold"": 0.5}",0.1.0,2026-06-20T01:49:16+00:00
digits,shapediscover,clustering,ami,0.43234444745190753,2,1797,64,1.755,12,"{""knn"": 15, ""label_mode"": ""components"", ""lite"": true, ""n_cover"": 15, ""regularization"": 10.0, ""threshold"": 0.5}",0.1.0,2026-06-20T01:49:16+00:00
digits,shapediscover,clustering,nmi,0.4353062465509114,2,1797,64,1.755,12,"{""knn"": 15, ""label_mode"": ""components"", ""lite"": true, ""n_cover"": 15, ""regularization"": 10.0, ""threshold"": 0.5}",0.1.0,2026-06-20T01:49:16+00:00
digits,shapediscover,clustering,homogeneity,0.2846344620517252,2,1797,64,1.755,12,"{""knn"": 15, ""label_mode"": ""components"", ""lite"": true, ""n_cover"": 15, ""regularization"": 10.0, ""threshold"": 0.5}",0.1.0,2026-06-20T01:49:16+00:00
digits,shapediscover,clustering,completeness,0.9249080533358294,2,1797,64,1.755,12,"{""knn"": 15, ""label_mode"": ""components"", ""lite"": true, ""n_cover"": 15, ""regularization"": 10.0, ""threshold"": 0.5}",0.1.0,2026-06-20T01:49:16+00:00
digits,shapediscover,clustering,n_clusters_pred,4.0,2,1797,64,1.755,12,"{""knn"": 15, ""label_mode"": ""components"", ""lite"": true, ""n_cover"": 15, ""regularization"": 10.0, ""threshold"": 0.5}",0.1.0,2026-06-20T01:49:16+00:00
digits,shapediscover,clustering,n_clusters_true,10.0,2,1797,64,1.755,12,"{""knn"": 15, ""label_mode"": ""components"", ""lite"": true, ""n_cover"": 15, ""regularization"": 10.0, ""threshold"": 0.5}",0.1.0,2026-06-20T01:49:16+00:00
digits,shapediscover,embedding,trustworthiness,0.7024061355756609,2,1797,64,1.755,12,"{""knn"": 15, ""label_mode"": ""components"", ""lite"": true, ""n_cover"": 15, ""regularization"": 10.0, ""threshold"": 0.5}",0.1.0,2026-06-20T01:49:16+00:00
digits,shapediscover,embedding,continuity,0.8036290389197245,2,1797,64,1.755,12,"{""knn"": 15, ""label_mode"": ""components"", ""lite"": true, ""n_cover"": 15, ""regularization"": 10.0, ""threshold"": 0.5}",0.1.0,2026-06-20T01:49:16+00:00
digits,shapediscover,embedding,knn_recall,0.128881469115192,2,1797,64,1.755,12,"{""knn"": 15, ""label_mode"": ""components"", ""lite"": true, ""n_cover"": 15, ""regularization"": 10.0, ""threshold"": 0.5}",0.1.0,2026-06-20T01:49:16+00:00
digits,shapediscover,embedding,global_corr,0.12397844071470214,2,1797,64,1.755,12,"{""knn"": 15, ""label_mode"": ""components"", ""lite"": true, ""n_cover"": 15, ""regularization"": 10.0, ""threshold"": 0.5}",0.1.0,2026-06-20T01:49:16+00:00
diabetes,shapediscover,clustering,ari,0.35207485557807794,0,145,5,0.529,3,"{""knn"": 15, ""label_mode"": ""components"", ""lite"": true, ""n_cover"": 15, ""regularization"": 10.0, ""threshold"": 0.5}",0.1.0,2026-06-20T01:49:16+00:00
diabetes,shapediscover,clustering,ami,0.4678365121618279,0,145,5,0.529,3,"{""knn"": 15, ""label_mode"": ""components"", ""lite"": true, ""n_cover"": 15, ""regularization"": 10.0, ""threshold"": 0.5}",0.1.0,2026-06-20T01:49:16+00:00
diabetes,shapediscover,clustering,nmi,0.4729307160977409,0,145,5,0.529,3,"{""knn"": 15, ""label_mode"": ""components"", ""lite"": true, ""n_cover"": 15, ""regularization"": 10.0, ""threshold"": 0.5}",0.1.0,2026-06-20T01:49:16+00:00
diabetes,shapediscover,clustering,homogeneity,0.34535844215563005,0,145,5,0.529,3,"{""knn"": 15, ""label_mode"": ""components"", ""lite"": true, ""n_cover"": 15, ""regularization"": 10.0, ""threshold"": 0.5}",0.1.0,2026-06-20T01:49:16+00:00
diabetes,shapediscover,clustering,completeness,0.7499586254666633,0,145,5,0.529,3,"{""knn"": 15, ""label_mode"": ""components"", ""lite"": true, ""n_cover"": 15, ""regularization"": 10.0, ""threshold"": 0.5}",0.1.0,2026-06-20T01:49:16+00:00
diabetes,shapediscover,clustering,n_clusters_pred,2.0,0,145,5,0.529,3,"{""knn"": 15, ""label_mode"": ""components"", ""lite"": true, ""n_cover"": 15, ""regularization"": 10.0, ""threshold"": 0.5}",0.1.0,2026-06-20T01:49:16+00:00
diabetes,shapediscover,clustering,n_clusters_true,3.0,0,145,5,0.529,3,"{""knn"": 15, ""label_mode"": ""components"", ""lite"": true, ""n_cover"": 15, ""regularization"": 10.0, ""threshold"": 0.5}",0.1.0,2026-06-20T01:49:16+00:00
diabetes,shapediscover,embedding,trustworthiness,0.9050310910118711,0,145,5,0.529,3,"{""knn"": 15, ""label_mode"": ""components"", ""lite"": true, ""n_cover"": 15, ""regularization"": 10.0, ""threshold"": 0.5}",0.1.0,2026-06-20T01:49:16+00:00
diabetes,shapediscover,embedding,continuity,0.923256076879593,0,145,5,0.529,3,"{""knn"": 15, ""label_mode"": ""components"", ""lite"": true, ""n_cover"": 15, ""regularization"": 10.0, ""threshold"": 0.5}",0.1.0,2026-06-20T01:49:16+00:00
diabetes,shapediscover,embedding,knn_recall,0.551264367816092,0,145,5,0.529,3,"{""knn"": 15, ""label_mode"": ""components"", ""lite"": true, ""n_cover"": 15, ""regularization"": 10.0, ""threshold"": 0.5}",0.1.0,2026-06-20T01:49:16+00:00
diabetes,shapediscover,embedding,global_corr,0.9238683681425295,0,145,5,0.529,3,"{""knn"": 15, ""label_mode"": ""components"", ""lite"": true, ""n_cover"": 15, ""regularization"": 10.0, ""threshold"": 0.5}",0.1.0,2026-06-20T01:49:16+00:00
diabetes,shapediscover,clustering,ari,0.35207485557807794,1,145,5,0.384,3,"{""knn"": 15, ""label_mode"": ""components"", ""lite"": true, ""n_cover"": 15, ""regularization"": 10.0, ""threshold"": 0.5}",0.1.0,2026-06-20T01:49:16+00:00
diabetes,shapediscover,clustering,ami,0.4678365121618279,1,145,5,0.384,3,"{""knn"": 15, ""label_mode"": ""components"", ""lite"": true, ""n_cover"": 15, ""regularization"": 10.0, ""threshold"": 0.5}",0.1.0,2026-06-20T01:49:16+00:00
diabetes,shapediscover,clustering,nmi,0.4729307160977409,1,145,5,0.384,3,"{""knn"": 15, ""label_mode"": ""components"", ""lite"": true, ""n_cover"": 15, ""regularization"": 10.0, ""threshold"": 0.5}",0.1.0,2026-06-20T01:49:16+00:00
diabetes,shapediscover,clustering,homogeneity,0.34535844215563005,1,145,5,0.384,3,"{""knn"": 15, ""label_mode"": ""components"", ""lite"": true, ""n_cover"": 15, ""regularization"": 10.0, ""threshold"": 0.5}",0.1.0,2026-06-20T01:49:16+00:00
diabetes,shapediscover,clustering,completeness,0.7499586254666633,1,145,5,0.384,3,"{""knn"": 15, ""label_mode"": ""components"", ""lite"": true, ""n_cover"": 15, ""regularization"": 10.0, ""threshold"": 0.5}",0.1.0,2026-06-20T01:49:16+00:00
diabetes,shapediscover,clustering,n_clusters_pred,2.0,1,145,5,0.384,3,"{""knn"": 15, ""label_mode"": ""components"", ""lite"": true, ""n_cover"": 15, ""regularization"": 10.0, ""threshold"": 0.5}",0.1.0,2026-06-20T01:49:16+00:00
diabetes,shapediscover,clustering,n_clusters_true,3.0,1,145,5,0.384,3,"{""knn"": 15, ""label_mode"": ""components"", ""lite"": true, ""n_cover"": 15, ""regularization"": 10.0, ""threshold"": 0.5}",0.1.0,2026-06-20T01:49:16+00:00
diabetes,shapediscover,embedding,trustworthiness,0.9152553231580931,1,145,5,0.384,3,"{""knn"": 15, ""label_mode"": ""components"", ""lite"": true, ""n_cover"": 15, ""regularization"": 10.0, ""threshold"": 0.5}",0.1.0,2026-06-20T01:49:16+00:00
diabetes,shapediscover,embedding,continuity,0.9267608818541548,1,145,5,0.384,3,"{""knn"": 15, ""label_mode"": ""components"", ""lite"": true, ""n_cover"": 15, ""regularization"": 10.0, ""threshold"": 0.5}",0.1.0,2026-06-20T01:49:16+00:00
diabetes,shapediscover,embedding,knn_recall,0.5636781609195403,1,145,5,0.384,3,"{""knn"": 15, ""label_mode"": ""components"", ""lite"": true, ""n_cover"": 15, ""regularization"": 10.0, ""threshold"": 0.5}",0.1.0,2026-06-20T01:49:16+00:00
diabetes,shapediscover,embedding,global_corr,0.9274327598133095,1,145,5,0.384,3,"{""knn"": 15, ""label_mode"": ""components"", ""lite"": true, ""n_cover"": 15, ""regularization"": 10.0, ""threshold"": 0.5}",0.1.0,2026-06-20T01:49:16+00:00
diabetes,shapediscover,clustering,ari,0.35207485557807794,2,145,5,0.384,3,"{""knn"": 15, ""label_mode"": ""components"", ""lite"": true, ""n_cover"": 15, ""regularization"": 10.0, ""threshold"": 0.5}",0.1.0,2026-06-20T01:49:16+00:00
diabetes,shapediscover,clustering,ami,0.4678365121618279,2,145,5,0.384,3,"{""knn"": 15, ""label_mode"": ""components"", ""lite"": true, ""n_cover"": 15, ""regularization"": 10.0, ""threshold"": 0.5}",0.1.0,2026-06-20T01:49:16+00:00
diabetes,shapediscover,clustering,nmi,0.4729307160977409,2,145,5,0.384,3,"{""knn"": 15, ""label_mode"": ""components"", ""lite"": true, ""n_cover"": 15, ""regularization"": 10.0, ""threshold"": 0.5}",0.1.0,2026-06-20T01:49:16+00:00
diabetes,shapediscover,clustering,homogeneity,0.34535844215563005,2,145,5,0.384,3,"{""knn"": 15, ""label_mode"": ""components"", ""lite"": true, ""n_cover"": 15, ""regularization"": 10.0, ""threshold"": 0.5}",0.1.0,2026-06-20T01:49:16+00:00
diabetes,shapediscover,clustering,completeness,0.7499586254666633,2,145,5,0.384,3,"{""knn"": 15, ""label_mode"": ""components"", ""lite"": true, ""n_cover"": 15, ""regularization"": 10.0, ""threshold"": 0.5}",0.1.0,2026-06-20T01:49:16+00:00
diabetes,shapediscover,clustering,n_clusters_pred,2.0,2,145,5,0.384,3,"{""knn"": 15, ""label_mode"": ""components"", ""lite"": true, ""n_cover"": 15, ""regularization"": 10.0, ""threshold"": 0.5}",0.1.0,2026-06-20T01:49:16+00:00
diabetes,shapediscover,clustering,n_clusters_true,3.0,2,145,5,0.384,3,"{""knn"": 15, ""label_mode"": ""components"", ""lite"": true, ""n_cover"": 15, ""regularization"": 10.0, ""threshold"": 0.5}",0.1.0,2026-06-20T01:49:16+00:00
diabetes,shapediscover,embedding,trustworthiness,0.9174298096853213,2,145,5,0.384,3,"{""knn"": 15, ""label_mode"": ""components"", ""lite"": true, ""n_cover"": 15, ""regularization"": 10.0, ""threshold"": 0.5}",0.1.0,2026-06-20T01:49:16+00:00
diabetes,shapediscover,embedding,continuity,0.9293612210288298,2,145,5,0.384,3,"{""knn"": 15, ""label_mode"": ""components"", ""lite"": true, ""n_cover"": 15, ""regularization"": 10.0, ""threshold"": 0.5}",0.1.0,2026-06-20T01:49:16+00:00
diabetes,shapediscover,embedding,knn_recall,0.5632183908045978,2,145,5,0.384,3,"{""knn"": 15, ""label_mode"": ""components"", ""lite"": true, ""n_cover"": 15, ""regularization"": 10.0, ""threshold"": 0.5}",0.1.0,2026-06-20T01:49:16+00:00
diabetes,shapediscover,embedding,global_corr,0.9326323662927108,2,145,5,0.384,3,"{""knn"": 15, ""label_mode"": ""components"", ""lite"": true, ""n_cover"": 15, ""regularization"": 10.0, ""threshold"": 0.5}",0.1.0,2026-06-20T01:49:16+00:00
mice_protein,shapediscover,clustering,ari,0.0,0,1080,77,1.123,9,"{""knn"": 15, ""label_mode"": ""components"", ""lite"": true, ""n_cover"": 15, ""regularization"": 10.0, ""threshold"": 0.5}",0.1.0,2026-06-20T01:49:16+00:00
mice_protein,shapediscover,clustering,ami,0.0,0,1080,77,1.123,9,"{""knn"": 15, ""label_mode"": ""components"", ""lite"": true, ""n_cover"": 15, ""regularization"": 10.0, ""threshold"": 0.5}",0.1.0,2026-06-20T01:49:16+00:00
mice_protein,shapediscover,clustering,nmi,0.0,0,1080,77,1.123,9,"{""knn"": 15, ""label_mode"": ""components"", ""lite"": true, ""n_cover"": 15, ""regularization"": 10.0, ""threshold"": 0.5}",0.1.0,2026-06-20T01:49:16+00:00
mice_protein,shapediscover,clustering,homogeneity,0.0,0,1080,77,1.123,9,"{""knn"": 15, ""label_mode"": ""components"", ""lite"": true, ""n_cover"": 15, ""regularization"": 10.0, ""threshold"": 0.5}",0.1.0,2026-06-20T01:49:16+00:00
mice_protein,shapediscover,clustering,completeness,1.0,0,1080,77,1.123,9,"{""knn"": 15, ""label_mode"": ""components"", ""lite"": true, ""n_cover"": 15, ""regularization"": 10.0, ""threshold"": 0.5}",0.1.0,2026-06-20T01:49:16+00:00
mice_protein,shapediscover,clustering,n_clusters_pred,1.0,0,1080,77,1.123,9,"{""knn"": 15, ""label_mode"": ""components"", ""lite"": true, ""n_cover"": 15, ""regularization"": 10.0, ""threshold"": 0.5}",0.1.0,2026-06-20T01:49:16+00:00
mice_protein,shapediscover,clustering,n_clusters_true,8.0,0,1080,77,1.123,9,"{""knn"": 15, ""label_mode"": ""components"", ""lite"": true, ""n_cover"": 15, ""regularization"": 10.0, ""threshold"": 0.5}",0.1.0,2026-06-20T01:49:16+00:00
mice_protein,shapediscover,embedding,trustworthiness,0.8889598444234206,0,1080,77,1.123,9,"{""knn"": 15, ""label_mode"": ""components"", ""lite"": true, ""n_cover"": 15, ""regularization"": 10.0, ""threshold"": 0.5}",0.1.0,2026-06-20T01:49:16+00:00
mice_protein,shapediscover,embedding,continuity,0.9605004847168203,0,1080,77,1.123,9,"{""knn"": 15, ""label_mode"": ""components"", ""lite"": true, ""n_cover"": 15, ""regularization"": 10.0, ""threshold"": 0.5}",0.1.0,2026-06-20T01:49:16+00:00
mice_protein,shapediscover,embedding,knn_recall,0.425679012345679,0,1080,77,1.123,9,"{""knn"": 15, ""label_mode"": ""components"", ""lite"": true, ""n_cover"": 15, ""regularization"": 10.0, ""threshold"": 0.5}",0.1.0,2026-06-20T01:49:16+00:00
mice_protein,shapediscover,embedding,global_corr,0.33634058148423535,0,1080,77,1.123,9,"{""knn"": 15, ""label_mode"": ""components"", ""lite"": true, ""n_cover"": 15, ""regularization"": 10.0, ""threshold"": 0.5}",0.1.0,2026-06-20T01:49:16+00:00
mice_protein,shapediscover,clustering,ari,0.0008135237267976559,1,1080,77,1.114,10,"{""knn"": 15, ""label_mode"": ""components"", ""lite"": true, ""n_cover"": 15, ""regularization"": 10.0, ""threshold"": 0.5}",0.1.0,2026-06-20T01:49:16+00:00
mice_protein,shapediscover,clustering,ami,0.024114929847356633,1,1080,77,1.114,10,"{""knn"": 15, ""label_mode"": ""components"", ""lite"": true, ""n_cover"": 15, ""regularization"": 10.0, ""threshold"": 0.5}",0.1.0,2026-06-20T01:49:16+00:00
mice_protein,shapediscover,clustering,nmi,0.027550183311981082,1,1080,77,1.114,10,"{""knn"": 15, ""label_mode"": ""components"", ""lite"": true, ""n_cover"": 15, ""regularization"": 10.0, ""threshold"": 0.5}",0.1.0,2026-06-20T01:49:16+00:00
mice_protein,shapediscover,clustering,homogeneity,0.014261063318617538,1,1080,77,1.114,10,"{""knn"": 15, ""label_mode"": ""components"", ""lite"": true, ""n_cover"": 15, ""regularization"": 10.0, ""threshold"": 0.5}",0.1.0,2026-06-20T01:49:16+00:00
mice_protein,shapediscover,clustering,completeness,0.40423643893949207,1,1080,77,1.114,10,"{""knn"": 15, ""label_mode"": ""components"", ""lite"": true, ""n_cover"": 15, ""regularization"": 10.0, ""threshold"": 0.5}",0.1.0,2026-06-20T01:49:16+00:00
mice_protein,shapediscover,clustering,n_clusters_pred,2.0,1,1080,77,1.114,10,"{""knn"": 15, ""label_mode"": ""components"", ""lite"": true, ""n_cover"": 15, ""regularization"": 10.0, ""threshold"": 0.5}",0.1.0,2026-06-20T01:49:16+00:00
mice_protein,shapediscover,clustering,n_clusters_true,8.0,1,1080,77,1.114,10,"{""knn"": 15, ""label_mode"": ""components"", ""lite"": true, ""n_cover"": 15, ""regularization"": 10.0, ""threshold"": 0.5}",0.1.0,2026-06-20T01:49:16+00:00
mice_protein,shapediscover,embedding,trustworthiness,0.894268019201794,1,1080,77,1.114,10,"{""knn"": 15, ""label_mode"": ""components"", ""lite"": true, ""n_cover"": 15, ""regularization"": 10.0, ""threshold"": 0.5}",0.1.0,2026-06-20T01:49:16+00:00
mice_protein,shapediscover,embedding,continuity,0.9638552507095554,1,1080,77,1.114,10,"{""knn"": 15, ""label_mode"": ""components"", ""lite"": true, ""n_cover"": 15, ""regularization"": 10.0, ""threshold"": 0.5}",0.1.0,2026-06-20T01:49:16+00:00
mice_protein,shapediscover,embedding,knn_recall,0.4433950617283951,1,1080,77,1.114,10,"{""knn"": 15, ""label_mode"": ""components"", ""lite"": true, ""n_cover"": 15, ""regularization"": 10.0, ""threshold"": 0.5}",0.1.0,2026-06-20T01:49:16+00:00
mice_protein,shapediscover,embedding,global_corr,0.32698084019581874,1,1080,77,1.114,10,"{""knn"": 15, ""label_mode"": ""components"", ""lite"": true, ""n_cover"": 15, ""regularization"": 10.0, ""threshold"": 0.5}",0.1.0,2026-06-20T01:49:16+00:00
mice_protein,shapediscover,clustering,ari,0.0008135237267976559,2,1080,77,1.14,7,"{""knn"": 15, ""label_mode"": ""components"", ""lite"": true, ""n_cover"": 15, ""regularization"": 10.0, ""threshold"": 0.5}",0.1.0,2026-06-20T01:49:16+00:00
mice_protein,shapediscover,clustering,ami,0.024114929847356633,2,1080,77,1.14,7,"{""knn"": 15, ""label_mode"": ""components"", ""lite"": true, ""n_cover"": 15, ""regularization"": 10.0, ""threshold"": 0.5}",0.1.0,2026-06-20T01:49:16+00:00
mice_protein,shapediscover,clustering,nmi,0.027550183311981082,2,1080,77,1.14,7,"{""knn"": 15, ""label_mode"": ""components"", ""lite"": true, ""n_cover"": 15, ""regularization"": 10.0, ""threshold"": 0.5}",0.1.0,2026-06-20T01:49:16+00:00
mice_protein,shapediscover,clustering,homogeneity,0.014261063318617538,2,1080,77,1.14,7,"{""knn"": 15, ""label_mode"": ""components"", ""lite"": true, ""n_cover"": 15, ""regularization"": 10.0, ""threshold"": 0.5}",0.1.0,2026-06-20T01:49:16+00:00
mice_protein,shapediscover,clustering,completeness,0.40423643893949207,2,1080,77,1.14,7,"{""knn"": 15, ""label_mode"": ""components"", ""lite"": true, ""n_cover"": 15, ""regularization"": 10.0, ""threshold"": 0.5}",0.1.0,2026-06-20T01:49:16+00:00
mice_protein,shapediscover,clustering,n_clusters_pred,2.0,2,1080,77,1.14,7,"{""knn"": 15, ""label_mode"": ""components"", ""lite"": true, ""n_cover"": 15, ""regularization"": 10.0, ""threshold"": 0.5}",0.1.0,2026-06-20T01:49:16+00:00
mice_protein,shapediscover,clustering,n_clusters_true,8.0,2,1080,77,1.14,7,"{""knn"": 15, ""label_mode"": ""components"", ""lite"": true, ""n_cover"": 15, ""regularization"": 10.0, ""threshold"": 0.5}",0.1.0,2026-06-20T01:49:16+00:00
mice_protein,shapediscover,embedding,trustworthiness,0.8816277141221953,2,1080,77,1.14,7,"{""knn"": 15, ""label_mode"": ""components"", ""lite"": true, ""n_cover"": 15, ""regularization"": 10.0, ""threshold"": 0.5}",0.1.0,2026-06-20T01:49:16+00:00
mice_protein,shapediscover,embedding,continuity,0.9607215272667812,2,1080,77,1.14,7,"{""knn"": 15, ""label_mode"": ""components"", ""lite"": true, ""n_cover"": 15, ""regularization"": 10.0, ""threshold"": 0.5}",0.1.0,2026-06-20T01:49:16+00:00
mice_protein,shapediscover,embedding,knn_recall,0.39154320987654323,2,1080,77,1.14,7,"{""knn"": 15, ""label_mode"": ""components"", ""lite"": true, ""n_cover"": 15, ""regularization"": 10.0, ""threshold"": 0.5}",0.1.0,2026-06-20T01:49:16+00:00
mice_protein,shapediscover,embedding,global_corr,0.36787240406738186,2,1080,77,1.14,7,"{""knn"": 15, ""label_mode"": ""components"", ""lite"": true, ""n_cover"": 15, ""regularization"": 10.0, ""threshold"": 0.5}",0.1.0,2026-06-20T01:49:16+00:00
dynamical_system,shapediscover,topology,recovery_quotient,0.0,0,2022,10,1.535,15,"{""knn"": 15, ""label_mode"": ""components"", ""lite"": true, ""n_cover"": 15, ""regularization"": 10.0, ""threshold"": 0.5}",0.1.0,2026-06-20T01:49:16+00:00
dynamical_system,shapediscover,topology,complex_size,1940.0,0,2022,10,1.535,15,"{""knn"": 15, ""label_mode"": ""components"", ""lite"": true, ""n_cover"": 15, ""regularization"": 10.0, ""threshold"": 0.5}",0.1.0,2026-06-20T01:49:16+00:00
dynamical_system,shapediscover,embedding,trustworthiness,0.9677633574452904,0,2022,10,1.535,15,"{""knn"": 15, ""label_mode"": ""components"", ""lite"": true, ""n_cover"": 15, ""regularization"": 10.0, ""threshold"": 0.5}",0.1.0,2026-06-20T01:49:16+00:00
dynamical_system,shapediscover,embedding,continuity,0.9899053549194643,0,2022,10,1.535,15,"{""knn"": 15, ""label_mode"": ""components"", ""lite"": true, ""n_cover"": 15, ""regularization"": 10.0, ""threshold"": 0.5}",0.1.0,2026-06-20T01:49:16+00:00
dynamical_system,shapediscover,embedding,knn_recall,0.4635344543356413,0,2022,10,1.535,15,"{""knn"": 15, ""label_mode"": ""components"", ""lite"": true, ""n_cover"": 15, ""regularization"": 10.0, ""threshold"": 0.5}",0.1.0,2026-06-20T01:49:16+00:00
dynamical_system,shapediscover,embedding,global_corr,0.8510267799218618,0,2022,10,1.535,15,"{""knn"": 15, ""label_mode"": ""components"", ""lite"": true, ""n_cover"": 15, ""regularization"": 10.0, ""threshold"": 0.5}",0.1.0,2026-06-20T01:49:16+00:00
dynamical_system,shapediscover,topology,recovery_quotient,0.012,1,2022,10,1.527,15,"{""knn"": 15, ""label_mode"": ""components"", ""lite"": true, ""n_cover"": 15, ""regularization"": 10.0, ""threshold"": 0.5}",0.1.0,2026-06-20T01:49:16+00:00
dynamical_system,shapediscover,topology,complex_size,1940.0,1,2022,10,1.527,15,"{""knn"": 15, ""label_mode"": ""components"", ""lite"": true, ""n_cover"": 15, ""regularization"": 10.0, ""threshold"": 0.5}",0.1.0,2026-06-20T01:49:16+00:00
dynamical_system,shapediscover,embedding,trustworthiness,0.9664942263416575,1,2022,10,1.527,15,"{""knn"": 15, ""label_mode"": ""components"", ""lite"": true, ""n_cover"": 15, ""regularization"": 10.0, ""threshold"": 0.5}",0.1.0,2026-06-20T01:49:16+00:00
dynamical_system,shapediscover,embedding,continuity,0.9871766414034581,1,2022,10,1.527,15,"{""knn"": 15, ""label_mode"": ""components"", ""lite"": true, ""n_cover"": 15, ""regularization"": 10.0, ""threshold"": 0.5}",0.1.0,2026-06-20T01:49:16+00:00
dynamical_system,shapediscover,embedding,knn_recall,0.4172766238048137,1,2022,10,1.527,15,"{""knn"": 15, ""label_mode"": ""components"", ""lite"": true, ""n_cover"": 15, ""regularization"": 10.0, ""threshold"": 0.5}",0.1.0,2026-06-20T01:49:16+00:00
dynamical_system,shapediscover,embedding,global_corr,0.8228164882718436,1,2022,10,1.527,15,"{""knn"": 15, ""label_mode"": ""components"", ""lite"": true, ""n_cover"": 15, ""regularization"": 10.0, ""threshold"": 0.5}",0.1.0,2026-06-20T01:49:16+00:00
dynamical_system,shapediscover,topology,recovery_quotient,0.0,2,2022,10,1.535,15,"{""knn"": 15, ""label_mode"": ""components"", ""lite"": true, ""n_cover"": 15, ""regularization"": 10.0, ""threshold"": 0.5}",0.1.0,2026-06-20T01:49:16+00:00
dynamical_system,shapediscover,topology,complex_size,1940.0,2,2022,10,1.535,15,"{""knn"": 15, ""label_mode"": ""components"", ""lite"": true, ""n_cover"": 15, ""regularization"": 10.0, ""threshold"": 0.5}",0.1.0,2026-06-20T01:49:16+00:00
dynamical_system,shapediscover,embedding,trustworthiness,0.969816593097076,2,2022,10,1.535,15,"{""knn"": 15, ""label_mode"": ""components"", ""lite"": true, ""n_cover"": 15, ""regularization"": 10.0, ""threshold"": 0.5}",0.1.0,2026-06-20T01:49:16+00:00
dynamical_system,shapediscover,embedding,continuity,0.9893950437137461,2,2022,10,1.535,15,"{""knn"": 15, ""label_mode"": ""components"", ""lite"": true, ""n_cover"": 15, ""regularization"": 10.0, ""threshold"": 0.5}",0.1.0,2026-06-20T01:49:16+00:00
dynamical_system,shapediscover,embedding,knn_recall,0.4630728651500165,2,2022,10,1.535,15,"{""knn"": 15, ""label_mode"": ""components"", ""lite"": true, ""n_cover"": 15, ""regularization"": 10.0, ""threshold"": 0.5}",0.1.0,2026-06-20T01:49:16+00:00
dynamical_system,shapediscover,embedding,global_corr,0.8378352943670209,2,2022,10,1.535,15,"{""knn"": 15, ""label_mode"": ""components"", ""lite"": true, ""n_cover"": 15, ""regularization"": 10.0, ""threshold"": 0.5}",0.1.0,2026-06-20T01:49:16+00:00
